MID,MATCH_DATE,MATCH_TIME,VISITOR_TID,VISITOR_NAME,VISITOR_PTS,HOME_TID ,HOME_NAME,HOME_PTS,ATTEND
1,2018-10-15,오후 8:00:00,23,Philadelphia 76ers,87,2,Boston Celtics,105,18624
2,2018-10-15,오후 10:30:00,21,Oklahoma City Thunder,100,10,Golden State Warriors,108,19596
3,2018-10-16,오후 7:00:00,17,Milwaukee Bucks,113,4,Charlotte Hornets,112,17889
4,2018-10-16,오후 7:00:00,3,Brooklyn Nets,100,9,Detroit Pistons,103,20332
5,2018-10-16,오후 8:00:00,19,New Orleans Pelicans,131,11,Houston Rockets,112,18055
6,2018-10-16,오후 7:00:00,15,Memphis Grizzlies,83,12,Indiana Pacers,111,17923
7,2018-10-16,오후 10:30:00,8,Denver Nuggets,107,13,Los Angeles Clippers,98,19068
8,2018-10-16,오후 7:30:00,1,Atlanta Hawks,107,20,New York Knicks,126,18249
9,2018-10-16,오후 7:00:00,16,Miami Heat,101,22,Orlando Magic,104,19191
10,2018-10-16,오후 10:30:00,7,Dallas Mavericks,100,24,Phoenix Suns,121,18055
11,2018-10-16,오후 10:00:00,29,Utah Jazz,123,26,Sacramento Kings,117,17583
12,2018-10-16,오후 8:30:00,18,Minnesota Timberwolves,108,27,San Antonio Spurs,112,18354
13,2018-10-16,오후 7:30:00,6,Cleveland Cavaliers,104,28,Toronto Raptors,116,19915
14,2018-10-17,오후 8:00:00,5,Chicago Bulls,108,23,Philadelphia 76ers,127,20302
15,2018-10-17,오후 10:30:00,14,Los Angeles Lakers,119,25,Portland Trail Blazers,128,19996
16,2018-10-17,오후 8:00:00,16,Miami Heat,113,30,Washington Wizards,112,20409
17,2018-10-18,오후 7:30:00,20,New York Knicks,105,3,Brooklyn Nets,107,17732
18,2018-10-18,오후 10:30:00,21,Oklahoma City Thunder,92,13,Los Angeles Clippers,108,14816
19,2018-10-18,오후 8:00:00,1,Atlanta Hawks,117,15,Memphis Grizzlies,131,17019
20,2018-10-18,오후 8:30:00,12,Indiana Pacers,101,17,Milwaukee Bucks,118,17341
21,2018-10-18,오후 8:00:00,6,Cleveland Cavaliers,123,18,Minnesota Timberwolves,131,18978
22,2018-10-18,오후 8:00:00,26,Sacramento Kings,129,19,New Orleans Pelicans,149,18337
23,2018-10-18,오후 7:00:00,4,Charlotte Hornets,120,22,Orlando Magic,88,17668
24,2018-10-18,오후 8:00:00,2,Boston Celtics,101,28,Toronto Raptors,113,19800
25,2018-10-18,오후 10:30:00,10,Golden State Warriors,124,29,Utah Jazz,123,18306
26,2018-10-19,오후 8:00:00,9,Detroit Pistons,118,5,Chicago Bulls,116,21289
27,2018-10-19,오후 8:30:00,18,Minnesota Timberwolves,136,7,Dallas Mavericks,140,20205
28,2018-10-19,오후 9:00:00,24,Phoenix Suns,91,8,Denver Nuggets,119,19592
29,2018-10-19,오후 7:00:00,3,Brooklyn Nets,112,12,Indiana Pacers,132,17007
30,2018-10-19,오후 10:30:00,11,Houston Rockets,124,14,Los Angeles Lakers,115,18997
31,2018-10-19,오후 8:00:00,4,Charlotte Hornets,113,16,Miami Heat,112,19600
32,2018-10-19,오후 7:30:00,2,Boston Celtics,103,20,New York Knicks,101,19427
33,2018-10-19,오후 7:30:00,22,Orlando Magic,115,23,Philadelphia 76ers,116,20300
34,2018-10-19,오후 10:00:00,27,San Antonio Spurs,108,25,Portland Trail Blazers,121,19461
35,2018-10-19,오후 7:00:00,28,Toronto Raptors,117,30,Washington Wizards,113,16185
36,2018-10-20,오후 6:00:00,1,Atlanta Hawks,133,6,Cleveland Cavaliers,111,19432
37,2018-10-20,오후 8:00:00,10,Golden State Warriors,98,8,Denver Nuggets,100,19520
38,2018-10-20,오후 9:00:00,11,Houston Rockets,112,13,Los Angeles Clippers,115,16149
39,2018-10-20,오후 7:00:00,26,Sacramento Kings,131,21,Oklahoma City Thunder,120,18203
40,2018-10-21,오후 7:30:00,22,Orlando Magic,93,2,Boston Celtics,90,18624
41,2018-10-21,오후 8:30:00,5,Chicago Bulls,109,7,Dallas Mavericks,115,19291
42,2018-10-21,오후 10:30:00,24,Phoenix Suns,103,10,Golden State Warriors,123,19596
43,2018-10-21,오후 10:30:00,27,San Antonio Spurs,143,14,Los Angeles Lakers,142,18997
44,2018-10-21,오후 8:00:00,20,New York Knicks,113,17,Milwaukee Bucks,124,16228
45,2018-10-21,오후 8:00:00,12,Indiana Pacers,91,18,Minnesota Timberwolves,101,10371
46,2018-10-21,오후 10:00:00,30,Washington Wizards,125,25,Portland Trail Blazers,124,19187
47,2018-10-21,오후 7:30:00,4,Charlotte Hornets,106,28,Toronto Raptors,127,19800
48,2018-10-21,오후 9:00:00,15,Memphis Grizzlies,92,29,Utah Jazz,84,18306
49,2018-10-22,오후 9:00:00,26,Sacramento Kings,112,8,Denver Nuggets,126,13214
50,2018-10-22,오후 7:00:00,23,Philadelphia 76ers,132,9,Detroit Pistons,133,14418
51,2018-10-22,오후 8:00:00,13,Los Angeles Clippers,109,19,New Orleans Pelicans,116,14625
52,2018-10-23,오후 7:00:00,7,Dallas Mavericks,104,1,Atlanta Hawks,111,16705
53,2018-10-23,오후 8:00:00,4,Charlotte Hornets,110,5,Chicago Bulls,112,19170
54,2018-10-23,오후 7:00:00,3,Brooklyn Nets,102,6,Cleveland Cavaliers,86,19432
55,2018-10-23,오후 10:30:00,30,Washington Wizards,122,10,Golden State Warriors,144,19596
56,2018-10-23,오후 8:00:00,29,Utah Jazz,100,11,Houston Rockets,89,18055
57,2018-10-23,오후 7:30:00,20,New York Knicks,87,16,Miami Heat,110,19600
58,2018-10-23,오후 9:30:00,23,Philadelphia 76ers,108,17,Milwaukee Bucks,123,17341
59,2018-10-23,오후 10:00:00,14,Los Angeles Lakers,131,24,Phoenix Suns,113,18055
60,2018-10-23,오후 10:00:00,15,Memphis Grizzlies,92,26,Sacramento Kings,97,14198
61,2018-10-23,오후 8:30:00,12,Indiana Pacers,116,27,San Antonio Spurs,96,18354
62,2018-10-23,오후 7:30:00,18,Minnesota Timberwolves,105,28,Toronto Raptors,112,19800
63,2018-10-24,오후 7:00:00,6,Cleveland Cavaliers,103,9,Detroit Pistons,110,15896
64,2018-10-24,오후 10:30:00,8,Denver Nuggets,114,14,Los Angeles Lakers,121,18997
65,2018-10-24,오후 8:00:00,2,Boston Celtics,101,21,Oklahoma City Thunder,95,18203
66,2018-10-24,오후 7:00:00,25,Portland Trail Blazers,128,22,Orlando Magic,114,15114
67,2018-10-25,오후 7:00:00,5,Chicago Bulls,106,4,Charlotte Hornets,135,15220
68,2018-10-25,오후 8:00:00,13,Los Angeles Clippers,133,11,Houston Rockets,113,18055
69,2018-10-25,오후 8:00:00,17,Milwaukee Bucks,125,18,Minnesota Timberwolves,95,16334
70,2018-10-25,오후 8:00:00,3,Brooklyn Nets,115,19,New Orleans Pelicans,117,15272
71,2018-10-25,오후 7:30:00,10,Golden State Warriors,128,20,New York Knicks,100,19812
72,2018-10-25,오후 10:00:00,30,Washington Wizards,112,26,Sacramento Kings,116,14101
73,2018-10-25,오후 7:30:00,7,Dallas Mavericks,107,28,Toronto Raptors,116,19800
74,2018-10-26,오후 7:30:00,5,Chicago Bulls,97,1,Atlanta Hawks,85,15549
75,2018-10-26,오후 7:30:00,12,Indiana Pacers,119,6,Cleveland Cavaliers,107,19432
76,2018-10-26,오후 7:00:00,2,Boston Celtics,109,9,Detroit Pistons,89,18120
77,2018-10-26,오후 8:00:00,24,Phoenix Suns,96,15,Memphis Grizzlies,117,15926
78,2018-10-26,오후 8:00:00,25,Portland Trail Blazers,111,16,Miami Heat,120,19600
79,2018-10-26,오후 8:30:00,22,Orlando Magic,91,17,Milwaukee Bucks,113,17341
80,2018-10-26,오후 7:00:00,29,Utah Jazz,132,19,New Orleans Pelicans,111,16373
81,2018-10-26,오후 7:30:00,4,Charlotte Hornets,103,23,Philadelphia 76ers,105,20203
82,2018-10-26,오후 8:30:00,14,Los Angeles Lakers,106,27,San Antonio Spurs,110,18589
83,2018-10-27,오후 5:00:00,10,Golden State Warriors,120,3,Brooklyn Nets,114,17732
84,2018-10-27,오후 7:00:00,29,Utah Jazz,113,7,Dallas Mavericks,104,19571
85,2018-10-27,오후 9:30:00,30,Washington Wizards,104,13,Los Angeles Clippers,136,16491
86,2018-10-27,오후 7:00:00,24,Phoenix Suns,110,21,Oklahoma City Thunder,117,18203
87,2018-10-28,오후 8:00:00,10,Golden State Warriors,149,5,Chicago Bulls,124,21076
88,2018-10-28,오후 9:00:00,19,New Orleans Pelicans,111,8,Denver Nuggets,116,15217
89,2018-10-28,오후 7:00:00,25,Portland Trail Blazers,103,12,Indiana Pacers,93,15788
90,2018-10-28,오후 7:30:00,26,Sacramento Kings,123,16,Miami Heat,113,19600
91,2018-10-28,오후 8:00:00,28,Toronto Raptors,109,17,Milwaukee Bucks,124,17341
92,2018-10-28,오후 8:00:00,14,Los Angeles Lakers,120,18,Minnesota Timberwolves,124,18978
93,2018-10-28,오후 7:30:00,3,Brooklyn Nets,96,20,New York Knicks,115,19221
94,2018-10-28,오후 7:00:00,1,Atlanta Hawks,92,23,Philadelphia 76ers,113,20269
95,2018-10-28,오후 8:30:00,7,Dallas Mavericks,108,27,San Antonio Spurs,113,18354
96,2018-10-29,오후 7:30:00,9,Detroit Pistons,105,2,Boston Celtics,108,18624
97,2018-10-29,오후 7:00:00,16,Miami Heat,113,4,Charlotte Hornets,125,14117
98,2018-10-29,오후 7:00:00,1,Atlanta Hawks,114,6,Cleveland Cavaliers,136,19432
99,2018-10-29,오후 8:00:00,25,Portland Trail Blazers,104,11,Houston Rockets,85,18055
100,2018-10-29,오후 8:00:00,30,Washington Wizards,95,15,Memphis Grizzlies,107,14106
101,2018-10-29,오후 8:00:00,13,Los Angeles Clippers,110,21,Oklahoma City Thunder,128,18203
102,2018-10-29,오후 7:00:00,26,Sacramento Kings,107,22,Orlando Magic,99,15074
103,2018-10-29,오후 7:30:00,23,Philadelphia 76ers,112,28,Toronto Raptors,129,19800
104,2018-10-30,오후 7:30:00,9,Detroit Pistons,119,3,Brooklyn Nets,120,12862
105,2018-10-30,오후 8:00:00,8,Denver Nuggets,108,5,Chicago Bulls,107,19027
106,2018-10-30,오후 10:30:00,19,New Orleans Pelicans,121,10,Golden State Warriors,131,19596
107,2018-10-30,오후 10:30:00,7,Dallas Mavericks,113,14,Los Angeles Lakers,114,18997
108,2018-10-30,오후 8:00:00,29,Utah Jazz,125,18,Minnesota Timberwolves,128,10079
109,2018-10-30,오후 8:00:00,12,Indiana Pacers,107,20,New York Knicks,101,18295
110,2018-10-30,오후 10:30:00,27,San Antonio Spurs,120,24,Phoenix Suns,90,12328
111,2018-10-31,오후 7:30:00,26,Sacramento Kings,146,1,Atlanta Hawks,115,12095
112,2018-10-31,오후 8:00:00,17,Milwaukee Bucks,113,2,Boston Celtics,117,18624
113,2018-10-31,오후 7:00:00,21,Oklahoma City Thunder,111,4,Charlotte Hornets,107,14583
114,2018-10-31,오후 7:00:00,8,Denver Nuggets,110,6,Cleveland Cavaliers,91,19432
115,2018-10-31,오후 7:00:00,13,Los Angeles Clippers,113,23,Philadelphia 76ers,122,20246
116,2018-10-31,오후 10:30:00,19,New Orleans Pelicans,119,25,Portland Trail Blazers,132,18921
117,2018-11-01,오후 7:30:00,11,Houston Rockets,119,3,Brooklyn Nets,111,14013
118,2018-11-01,오후 8:00:00,12,Indiana Pacers,107,5,Chicago Bulls,105,19704
119,2018-11-01,오후 8:30:00,20,New York Knicks,118,7,Dallas Mavericks,106,20008
120,2018-11-01,오후 10:30:00,18,Minnesota Timberwolves,99,10,Golden State Warriors,116,19596
121,2018-11-01,오후 7:00:00,13,Los Angeles Clippers,120,22,Orlando Magic,95,15953
122,2018-11-01,오후 10:00:00,28,Toronto Raptors,107,24,Phoenix Suns,98,15843
123,2018-11-01,오후 9:00:00,15,Memphis Grizzlies,110,29,Utah Jazz,100,18306
124,2018-11-01,오후 8:00:00,21,Oklahoma City Thunder,134,30,Washington Wizards,111,20409
125,2018-11-02,오후 7:30:00,16,Miami Heat,118,1,Atlanta Hawks,123,16303
126,2018-11-02,오후 8:00:00,11,Houston Rockets,96,5,Chicago Bulls,88,20505
127,2018-11-02,오후 7:00:00,6,Cleveland Cavaliers,94,4,Charlotte Hornets,126,16221
128,2018-11-02,오후 9:00:00,29,Utah Jazz,88,8,Denver Nuggets,103,19520
129,2018-11-02,오후 7:00:00,2,Boston Celtics,101,12,Indiana Pacers,102,17505
130,2018-11-02,오후 1:00:00,9,Detroit Pistons,99,23,Philadelphia 76ers,109,20289
131,2018-11-02,오후 10:00:00,14,Los Angeles Lakers,114,25,Portland Trail Blazers,110,19848
132,2018-11-02,오후 8:30:00,19,New Orleans Pelicans,95,27,San Antonio Spurs,109,18354
133,2018-11-03,오후 6:00:00,23,Philadelphia 76ers,97,3,Brooklyn Nets,122,12826
134,2018-11-03,오후 9:30:00,28,Toronto Raptors,121,14,Los Angeles Lakers,107,18997
135,2018-11-03,오후 3:30:00,26,Sacramento Kings,109,17,Milwaukee Bucks,144,17341
136,2018-11-03,오후 8:00:00,15,Memphis Grizzlies,100,24,Phoenix Suns,102,13074
137,2018-11-03,오후 9:00:00,18,Minnesota Timberwolves,81,25,Portland Trail Blazers,111,19522
138,2018-11-03,오후 7:00:00,22,Orlando Magic,117,27,San Antonio Spurs,110,18354
139,2018-11-03,오후 6:00:00,20,New York Knicks,95,30,Washington Wizards,108,16679
140,2018-11-05,오후 9:00:00,2,Boston Celtics,107,8,Denver Nuggets,115,19520
141,2018-11-05,오후 7:00:00,16,Miami Heat,120,9,Detroit Pistons,115,14148
142,2018-11-05,오후 10:30:00,15,Memphis Grizzlies,101,10,Golden State Warriors,117,19596
143,2018-11-05,오후 7:00:00,11,Houston Rockets,98,12,Indiana Pacers,94,14735
144,2018-11-05,오후 10:30:00,18,Minnesota Timberwolves,109,13,Los Angeles Clippers,120,16564
145,2018-11-05,오후 7:30:00,5,Chicago Bulls,116,20,New York Knicks,115,19812
146,2018-11-05,오후 8:00:00,19,New Orleans Pelicans,116,21,Oklahoma City Thunder,122,18203
147,2018-11-05,오후 7:00:00,6,Cleveland Cavaliers,100,22,Orlando Magic,102,15009
148,2018-11-05,오후 9:00:00,28,Toronto Raptors,124,29,Utah Jazz,111,18306
149,2018-11-06,오후 7:00:00,1,Atlanta Hawks,102,4,Charlotte Hornets,113,13955
150,2018-11-06,오후 8:30:00,30,Washington Wizards,100,7,Dallas Mavericks,119,19234
151,2018-11-06,오후 9:00:00,3,Brooklyn Nets,104,24,Phoenix Suns,82,14205
152,2018-11-06,오후 10:00:00,17,Milwaukee Bucks,103,25,Portland Trail Blazers,118,19512
153,2018-11-07,오후 7:30:00,20,New York Knicks,112,1,Atlanta Hawks,107,12412
154,2018-11-07,오후 7:00:00,21,Oklahoma City Thunder,95,6,Cleveland Cavaliers,86,19432
155,2018-11-07,오후 8:00:00,23,Philadelphia 76ers,100,12,Indiana Pacers,94,16434
156,2018-11-07,오후 10:30:00,18,Minnesota Timberwolves,110,14,Los Angeles Lakers,114,18997
157,2018-11-07,오후 8:00:00,8,Denver Nuggets,87,15,Memphis Grizzlies,89,15832
158,2018-11-07,오후 7:30:00,27,San Antonio Spurs,88,16,Miami Heat,95,19600
159,2018-11-07,오후 8:00:00,5,Chicago Bulls,98,19,New Orleans Pelicans,107,15514
160,2018-11-07,오후 7:00:00,9,Detroit Pistons,103,22,Orlando Magic,96,16103
161,2018-11-07,오후 10:00:00,28,Toronto Raptors,114,26,Sacramento Kings,105,17583
162,2018-11-07,오후 9:00:00,7,Dallas Mavericks,102,29,Utah Jazz,117,18306
163,2018-11-08,오후 10:30:00,17,Milwaukee Bucks,134,10,Golden State Warriors,111,19596
164,2018-11-08,오후 8:00:00,11,Houston Rockets,80,21,Oklahoma City Thunder,98,18203
165,2018-11-08,오후 9:00:00,2,Boston Celtics,116,24,Phoenix Suns,109,17359
166,2018-11-08,오후 10:00:00,13,Los Angeles Clippers,105,25,Portland Trail Blazers,116,19170
167,2018-11-09,오후 7:30:00,9,Detroit Pistons,124,1,Atlanta Hawks,109,14759
168,2018-11-09,오후 9:00:00,3,Brooklyn Nets,112,8,Denver Nuggets,110,19520
169,2018-11-09,오후 8:00:00,12,Indiana Pacers,110,16,Miami Heat,102,19600
170,2018-11-09,오후 7:00:00,30,Washington Wizards,108,22,Orlando Magic,117,16562
171,2018-11-09,오후 7:00:00,4,Charlotte Hornets,132,23,Philadelphia 76ers,133,20424
172,2018-11-09,오후 10:00:00,18,Minnesota Timberwolves,110,26,Sacramento Kings,121,17583
173,2018-11-09,오후 9:30:00,2,Boston Celtics,115,29,Utah Jazz,123,18306
174,2018-11-10,오후 8:00:00,6,Cleveland Cavaliers,98,5,Chicago Bulls,99,21506
175,2018-11-10,오후 9:00:00,21,Oklahoma City Thunder,96,7,Dallas Mavericks,111,19818
176,2018-11-10,오후 8:30:00,3,Brooklyn Nets,100,10,Golden State Warriors,116,19596
177,2018-11-10,오후 3:30:00,17,Milwaukee Bucks,126,13,Los Angeles Clippers,128,17486
178,2018-11-10,오후 8:00:00,23,Philadelphia 76ers,106,15,Memphis Grizzlies,112,16904
179,2018-11-10,오후 8:00:00,30,Washington Wizards,116,16,Miami Heat,110,19600
180,2018-11-10,오후 7:00:00,24,Phoenix Suns,99,19,New Orleans Pelicans,119,15222
181,2018-11-10,오후 10:00:00,14,Los Angeles Lakers,101,26,Sacramento Kings,86,17583
182,2018-11-10,오후 8:30:00,11,Houston Rockets,89,27,San Antonio Spurs,96,18354
183,2018-11-10,오후 3:00:00,20,New York Knicks,112,28,Toronto Raptors,128,19800
184,2018-11-11,오후 8:00:00,17,Milwaukee Bucks,121,8,Denver Nuggets,114,19520
185,2018-11-11,오후 3:30:00,4,Charlotte Hornets,113,9,Detroit Pistons,103,15133
186,2018-11-11,오후 7:00:00,12,Indiana Pacers,103,11,Houston Rockets,115,18055
187,2018-11-11,오후 9:30:00,1,Atlanta Hawks,106,14,Los Angeles Lakers,107,18997
188,2018-11-11,오후 7:30:00,22,Orlando Magic,115,20,New York Knicks,89,19812
189,2018-11-11,오후 9:00:00,2,Boston Celtics,94,25,Portland Trail Blazers,100,19712
190,2018-11-12,오후 8:00:00,7,Dallas Mavericks,103,5,Chicago Bulls,98,19012
191,2018-11-12,오후 10:30:00,10,Golden State Warriors,116,13,Los Angeles Clippers,121,19068
192,2018-11-12,오후 8:00:00,29,Utah Jazz,96,15,Memphis Grizzlies,88,13477
193,2018-11-12,오후 7:30:00,23,Philadelphia 76ers,124,16,Miami Heat,114,19600
194,2018-11-12,오후 8:00:00,3,Brooklyn Nets,113,18,Minnesota Timberwolves,120,10186
195,2018-11-12,오후 8:00:00,24,Phoenix Suns,101,21,Oklahoma City Thunder,118,18203
196,2018-11-12,오후 10:00:00,27,San Antonio Spurs,99,26,Sacramento Kings,104,15500
197,2018-11-12,오후 7:30:00,19,New Orleans Pelicans,126,28,Toronto Raptors,110,19800
198,2018-11-12,오후 7:00:00,22,Orlando Magic,109,30,Washington Wizards,117,15346
199,2018-11-13,오후 7:00:00,4,Charlotte Hornets,89,6,Cleveland Cavaliers,113,19432
200,2018-11-13,오후 9:00:00,11,Houston Rockets,109,8,Denver Nuggets,99,16741
201,2018-11-13,오후 10:30:00,1,Atlanta Hawks,103,10,Golden State Warriors,110,19596
202,2018-11-14,오후 7:30:00,5,Chicago Bulls,82,2,Boston Celtics,111,18624
203,2018-11-14,오후 7:30:00,16,Miami Heat,120,3,Brooklyn Nets,107,13317
204,2018-11-14,오후 8:30:00,29,Utah Jazz,68,7,Dallas Mavericks,118,19371
205,2018-11-14,오후 10:30:00,25,Portland Trail Blazers,117,14,Los Angeles Lakers,126,18997
206,2018-11-14,오후 8:00:00,15,Memphis Grizzlies,116,17,Milwaukee Bucks,113,16817
207,2018-11-14,오후 8:00:00,19,New Orleans Pelicans,100,18,Minnesota Timberwolves,107,11636
208,2018-11-14,오후 8:00:00,20,New York Knicks,103,21,Oklahoma City Thunder,128,18203
209,2018-11-14,오후 7:00:00,23,Philadelphia 76ers,106,22,Orlando Magic,111,15921
210,2018-11-14,오후 9:00:00,27,San Antonio Spurs,96,24,Phoenix Suns,116,14532
211,2018-11-14,오후 7:30:00,9,Detroit Pistons,106,28,Toronto Raptors,104,19800
212,2018-11-14,오후 7:00:00,6,Cleveland Cavaliers,95,30,Washington Wizards,119,14537
213,2018-11-15,오후 9:00:00,1,Atlanta Hawks,93,8,Denver Nuggets,138,15103
214,2018-11-15,오후 8:00:00,10,Golden State Warriors,86,11,Houston Rockets,107,18055
215,2018-11-15,오후 10:30:00,27,San Antonio Spurs,111,13,Los Angeles Clippers,116,17463
216,2018-11-16,오후 7:00:00,28,Toronto Raptors,116,2,Boston Celtics,123,18624
217,2018-11-16,오후 7:00:00,16,Miami Heat,91,12,Indiana Pacers,99,17923
218,2018-11-16,오후 8:00:00,26,Sacramento Kings,104,15,Memphis Grizzlies,112,13811
219,2018-11-16,오후 9:30:00,5,Chicago Bulls,104,17,Milwaukee Bucks,123,17341
220,2018-11-16,오후 8:00:00,25,Portland Trail Blazers,96,18,Minnesota Timberwolves,112,18978
221,2018-11-16,오후 8:00:00,20,New York Knicks,124,19,New Orleans Pelicans,129,14717
222,2018-11-16,오후 7:00:00,29,Utah Jazz,107,23,Philadelphia 76ers,113,20485
223,2018-11-16,오후 7:00:00,3,Brooklyn Nets,115,30,Washington Wizards,104,15102
224,2018-11-17,오후 7:30:00,29,Utah Jazz,98,2,Boston Celtics,86,18624
225,2018-11-17,오후 6:00:00,13,Los Angeles Clippers,127,3,Brooklyn Nets,119,12944
226,2018-11-17,오후 8:00:00,28,Toronto Raptors,122,5,Chicago Bulls,83,21263
227,2018-11-17,오후 7:00:00,23,Philadelphia 76ers,122,4,Charlotte Hornets,119,19426
228,2018-11-17,오후 8:30:00,10,Golden State Warriors,109,7,Dallas Mavericks,112,20260
229,2018-11-17,오후 8:00:00,26,Sacramento Kings,112,11,Houston Rockets,132,18055
230,2018-11-17,오후 7:00:00,1,Atlanta Hawks,89,12,Indiana Pacers,97,17491
231,2018-11-17,오후 7:00:00,8,Denver Nuggets,115,19,New Orleans Pelicans,125,15408
232,2018-11-17,오후 7:00:00,14,Los Angeles Lakers,117,22,Orlando Magic,130,19249
233,2018-11-17,오후 9:00:00,21,Oklahoma City Thunder,110,24,Phoenix Suns,100,16376
234,2018-11-18,오후 6:00:00,14,Los Angeles Lakers,113,16,Miami Heat,97,19686
235,2018-11-18,오후 3:30:00,15,Memphis Grizzlies,100,18,Minnesota Timberwolves,87,13179
236,2018-11-18,오후 6:00:00,20,New York Knicks,117,22,Orlando Magic,131,15898
237,2018-11-18,오후 7:00:00,10,Golden State Warriors,92,27,San Antonio Spurs,104,18354
238,2018-11-18,오후 6:00:00,25,Portland Trail Blazers,119,30,Washington Wizards,109,16647
239,2018-11-19,오후 7:30:00,13,Los Angeles Clippers,127,1,Atlanta Hawks,119,14323
240,2018-11-19,오후 7:00:00,2,Boston Celtics,112,4,Charlotte Hornets,117,18040
241,2018-11-19,오후 7:00:00,6,Cleveland Cavaliers,102,9,Detroit Pistons,113,15769
242,2018-11-19,오후 7:00:00,29,Utah Jazz,94,12,Indiana Pacers,121,17000
243,2018-11-19,오후 8:00:00,7,Dallas Mavericks,88,15,Memphis Grizzlies,98,15997
244,2018-11-19,오후 8:00:00,8,Denver Nuggets,98,17,Milwaukee Bucks,104,17341
245,2018-11-19,오후 8:00:00,27,San Antonio Spurs,126,19,New Orleans Pelicans,140,14675
246,2018-11-19,오후 7:00:00,24,Phoenix Suns,114,23,Philadelphia 76ers,119,20459
247,2018-11-19,오후 10:00:00,21,Oklahoma City Thunder,113,26,Sacramento Kings,117,16250
248,2018-11-20,오후 7:30:00,3,Brooklyn Nets,104,16,Miami Heat,92,19600
249,2018-11-20,오후 7:30:00,25,Portland Trail Blazers,118,20,New York Knicks,114,19812
250,2018-11-20,오후 7:00:00,28,Toronto Raptors,93,22,Orlando Magic,91,16016
251,2018-11-20,오후 7:00:00,13,Los Angeles Clippers,118,30,Washington Wizards,125,14499
252,2018-11-21,오후 7:30:00,28,Toronto Raptors,124,1,Atlanta Hawks,108,15058
253,2018-11-21,오후 7:30:00,20,New York Knicks,117,2,Boston Celtics,109,18624
254,2018-11-21,오후 8:00:00,24,Phoenix Suns,116,5,Chicago Bulls,124,19014
255,2018-11-21,오후 7:00:00,12,Indiana Pacers,109,4,Charlotte Hornets,127,15913
256,2018-11-21,오후 8:00:00,14,Los Angeles Lakers,109,6,Cleveland Cavaliers,105,19432
257,2018-11-21,오후 8:30:00,3,Brooklyn Nets,113,7,Dallas Mavericks,119,19926
258,2018-11-21,오후 10:30:00,21,Oklahoma City Thunder,123,10,Golden State Warriors,95,19596
259,2018-11-21,오후 8:00:00,9,Detroit Pistons,124,11,Houston Rockets,126,18055
260,2018-11-21,오후 8:00:00,25,Portland Trail Blazers,100,17,Milwaukee Bucks,143,17591
261,2018-11-21,오후 8:00:00,8,Denver Nuggets,103,18,Minnesota Timberwolves,101,15086
262,2018-11-21,오후 7:00:00,19,New Orleans Pelicans,120,23,Philadelphia 76ers,121,20352
263,2018-11-21,오후 8:30:00,15,Memphis Grizzlies,104,27,San Antonio Spurs,103,18354
264,2018-11-21,오후 9:00:00,26,Sacramento Kings,119,29,Utah Jazz,110,18306
265,2018-11-23,오후 7:30:00,2,Boston Celtics,114,1,Atlanta Hawks,96,15017
266,2018-11-23,오후 6:00:00,18,Minnesota Timberwolves,112,3,Brooklyn Nets,102,12814
267,2018-11-23,오후 8:00:00,16,Miami Heat,103,5,Chicago Bulls,96,20935
268,2018-11-23,오후 9:00:00,22,Orlando Magic,87,8,Denver Nuggets,112,19520
269,2018-11-23,오후 7:00:00,11,Houston Rockets,111,9,Detroit Pistons,116,17268
270,2018-11-23,오후 10:30:00,25,Portland Trail Blazers,97,10,Golden State Warriors,125,19596
271,2018-11-23,오후 8:00:00,27,San Antonio Spurs,111,12,Indiana Pacers,100,17262
272,2018-11-23,오후 3:30:00,15,Memphis Grizzlies,107,13,Los Angeles Clippers,112,15418
273,2018-11-23,오후 10:30:00,29,Utah Jazz,83,14,Los Angeles Lakers,90,18997
274,2018-11-23,오후 8:30:00,24,Phoenix Suns,116,17,Milwaukee Bucks,114,17852
275,2018-11-23,오후 7:30:00,19,New Orleans Pelicans,109,20,New York Knicks,114,18948
276,2018-11-23,오후 8:00:00,4,Charlotte Hornets,104,21,Oklahoma City Thunder,109,18203
277,2018-11-23,오후 7:30:00,6,Cleveland Cavaliers,121,23,Philadelphia 76ers,112,20524
278,2018-11-23,오후 7:30:00,30,Washington Wizards,107,28,Toronto Raptors,125,19800
279,2018-11-24,오후 7:30:00,11,Houston Rockets,108,6,Cleveland Cavaliers,117,19432
280,2018-11-24,오후 8:30:00,2,Boston Celtics,104,7,Dallas Mavericks,113,20226
281,2018-11-24,오후 8:30:00,26,Sacramento Kings,116,10,Golden State Warriors,117,19596
282,2018-11-24,오후 8:30:00,27,San Antonio Spurs,129,17,Milwaukee Bucks,135,17559
283,2018-11-24,오후 8:00:00,5,Chicago Bulls,96,18,Minnesota Timberwolves,111,17119
284,2018-11-24,오후 8:00:00,8,Denver Nuggets,105,21,Oklahoma City Thunder,98,18203
285,2018-11-24,오후 8:00:00,19,New Orleans Pelicans,114,30,Washington Wizards,124,15165
286,2018-11-25,오후 6:00:00,4,Charlotte Hornets,123,1,Atlanta Hawks,124,12977
287,2018-11-25,오후 6:00:00,23,Philadelphia 76ers,127,3,Brooklyn Nets,125,15217
288,2018-11-25,오후 4:00:00,24,Phoenix Suns,107,9,Detroit Pistons,118,14413
289,2018-11-25,오후 3:30:00,22,Orlando Magic,108,14,Los Angeles Lakers,104,18997
290,2018-11-25,오후 6:00:00,20,New York Knicks,103,15,Memphis Grizzlies,98,14331
291,2018-11-25,오후 9:00:00,13,Los Angeles Clippers,104,25,Portland Trail Blazers,100,19138
292,2018-11-25,오후 8:00:00,29,Utah Jazz,133,26,Sacramento Kings,112,16048
293,2018-11-25,오후 6:00:00,16,Miami Heat,115,28,Toronto Raptors,125,19800
294,2018-11-26,오후 8:00:00,27,San Antonio Spurs,108,5,Chicago Bulls,107,19006
295,2018-11-26,오후 7:00:00,17,Milwaukee Bucks,107,4,Charlotte Hornets,110,13805
296,2018-11-26,오후 7:00:00,18,Minnesota Timberwolves,102,6,Cleveland Cavaliers,95,19432
297,2018-11-26,오후 10:30:00,22,Orlando Magic,110,10,Golden State Warriors,116,19596
298,2018-11-26,오후 8:00:00,2,Boston Celtics,124,19,New Orleans Pelicans,107,15189
299,2018-11-26,오후 9:00:00,12,Indiana Pacers,121,29,Utah Jazz,88,18306
300,2018-11-26,오후 7:00:00,11,Houston Rockets,131,30,Washington Wizards,135,16872
301,2018-11-27,오후 9:00:00,14,Los Angeles Lakers,85,8,Denver Nuggets,117,19583
302,2018-11-27,오후 7:00:00,20,New York Knicks,108,9,Detroit Pistons,115,13935
303,2018-11-27,오후 8:00:00,28,Toronto Raptors,122,15,Memphis Grizzlies,114,14187
304,2018-11-27,오후 7:30:00,1,Atlanta Hawks,115,16,Miami Heat,113,19600
305,2018-11-27,오후 9:00:00,12,Indiana Pacers,109,24,Phoenix Suns,104,13038
306,2018-11-28,오후 7:30:00,29,Utah Jazz,101,3,Brooklyn Nets,91,12928
307,2018-11-28,오후 7:00:00,1,Atlanta Hawks,94,4,Charlotte Hornets,108,12971
308,2018-11-28,오후 8:00:00,7,Dallas Mavericks,128,11,Houston Rockets,108,18055
309,2018-11-28,오후 10:30:00,24,Phoenix Suns,99,13,Los Angeles Clippers,115,16372
310,2018-11-28,오후 8:00:00,5,Chicago Bulls,113,17,Milwaukee Bucks,116,16660
311,2018-11-28,오후 8:00:00,27,San Antonio Spurs,89,18,Minnesota Timberwolves,128,11023
312,2018-11-28,오후 8:00:00,30,Washington Wizards,104,19,New Orleans Pelicans,125,13570
313,2018-11-28,오후 8:00:00,6,Cleveland Cavaliers,83,21,Oklahoma City Thunder,100,18203
314,2018-11-28,오후 7:00:00,20,New York Knicks,91,23,Philadelphia 76ers,117,20274
315,2018-11-28,오후 10:00:00,22,Orlando Magic,112,25,Portland Trail Blazers,115,18865
316,2018-11-29,오후 10:30:00,12,Indiana Pacers,96,14,Los Angeles Lakers,104,18997
317,2018-11-29,오후 10:30:00,13,Los Angeles Clippers,133,26,Sacramento Kings,121,17583
318,2018-11-29,오후 8:00:00,10,Golden State Warriors,128,28,Toronto Raptors,131,20073
319,2018-11-30,오후 7:00:00,6,Cleveland Cavaliers,95,2,Boston Celtics,128,18624
320,2018-11-30,오후 7:30:00,15,Memphis Grizzlies,131,3,Brooklyn Nets,125,12983
321,2018-11-30,오후 7:00:00,29,Utah Jazz,119,4,Charlotte Hornets,111,15812
322,2018-11-30,오후 7:00:00,5,Chicago Bulls,88,9,Detroit Pistons,107,15372
323,2018-11-30,오후 10:30:00,7,Dallas Mavericks,103,14,Los Angeles Lakers,114,18997
324,2018-11-30,오후 8:00:00,19,New Orleans Pelicans,101,16,Miami Heat,106,19600
325,2018-11-30,오후 8:00:00,1,Atlanta Hawks,109,21,Oklahoma City Thunder,124,18203
326,2018-11-30,오후 7:00:00,30,Washington Wizards,98,23,Philadelphia 76ers,123,20400
327,2018-11-30,오후 9:00:00,22,Orlando Magic,99,24,Phoenix Suns,85,13228
328,2018-11-30,오후 10:30:00,8,Denver Nuggets,113,25,Portland Trail Blazers,112,19459
329,2018-11-30,오후 8:00:00,11,Houston Rockets,136,27,San Antonio Spurs,105,18354
330,2018-12-01,오후 8:00:00,28,Toronto Raptors,106,6,Cleveland Cavaliers,95,19432
331,2018-12-01,오후 7:00:00,10,Golden State Warriors,102,9,Detroit Pistons,111,20332
332,2018-12-01,오후 8:00:00,5,Chicago Bulls,105,11,Houston Rockets,121,18055
333,2018-12-01,오후 8:00:00,2,Boston Celtics,118,18,Minnesota Timberwolves,109,17663
334,2018-12-01,오후 5:00:00,17,Milwaukee Bucks,134,20,New York Knicks,136,19812
335,2018-12-01,오후 10:00:00,12,Indiana Pacers,110,26,Sacramento Kings,111,17583
336,2018-12-01,오후 7:00:00,3,Brooklyn Nets,88,30,Washington Wizards,102,15448
337,2018-12-02,오후 5:00:00,19,New Orleans Pelicans,119,4,Charlotte Hornets,109,15336
338,2018-12-02,오후 7:00:00,13,Los Angeles Clippers,110,7,Dallas Mavericks,114,19551
339,2018-12-02,오후 3:30:00,24,Phoenix Suns,96,14,Los Angeles Lakers,120,18997
340,2018-12-02,오후 6:00:00,29,Utah Jazz,100,16,Miami Heat,102,19600
341,2018-12-02,오후 6:00:00,15,Memphis Grizzlies,95,23,Philadelphia 76ers,103,20334
342,2018-12-02,오후 7:00:00,25,Portland Trail Blazers,118,27,San Antonio Spurs,131,18354
343,2018-12-03,오후 7:30:00,10,Golden State Warriors,128,1,Atlanta Hawks,111,16631
344,2018-12-03,오후 7:30:00,6,Cleveland Cavaliers,99,3,Brooklyn Nets,97,10983
345,2018-12-03,오후 7:00:00,21,Oklahoma City Thunder,110,9,Detroit Pistons,83,14372
346,2018-12-03,오후 8:00:00,11,Houston Rockets,91,18,Minnesota Timberwolves,103,13834
347,2018-12-03,오후 8:00:00,13,Los Angeles Clippers,129,19,New Orleans Pelicans,126,13822
348,2018-12-03,오후 7:30:00,30,Washington Wizards,110,20,New York Knicks,107,19440
349,2018-12-03,오후 7:30:00,8,Denver Nuggets,106,28,Toronto Raptors,103,19800
350,2018-12-04,오후 8:30:00,25,Portland Trail Blazers,102,7,Dallas Mavericks,111,19341
351,2018-12-04,오후 7:00:00,5,Chicago Bulls,90,12,Indiana Pacers,96,16446
352,2018-12-04,오후 7:30:00,22,Orlando Magic,105,16,Miami Heat,90,19600
353,2018-12-04,오후 9:00:00,26,Sacramento Kings,122,24,Phoenix Suns,105,12977
354,2018-12-04,오후 9:00:00,27,San Antonio Spurs,105,29,Utah Jazz,139,18306
355,2018-12-05,오후 7:30:00,30,Washington Wizards,131,1,Atlanta Hawks,117,12551
356,2018-12-05,오후 7:30:00,21,Oklahoma City Thunder,114,3,Brooklyn Nets,112,13161
357,2018-12-05,오후 7:00:00,10,Golden State Warriors,129,6,Cleveland Cavaliers,105,19432
358,2018-12-05,오후 10:30:00,27,San Antonio Spurs,113,14,Los Angeles Lakers,121,18997
359,2018-12-05,오후 8:00:00,13,Los Angeles Clippers,86,15,Memphis Grizzlies,96,14144
360,2018-12-05,오후 8:00:00,9,Detroit Pistons,92,17,Milwaukee Bucks,115,16541
361,2018-12-05,오후 8:00:00,4,Charlotte Hornets,104,18,Minnesota Timberwolves,121,11248
362,2018-12-05,오후 8:00:00,7,Dallas Mavericks,106,19,New Orleans Pelicans,132,14810
363,2018-12-05,오후 7:00:00,8,Denver Nuggets,124,22,Orlando Magic,118,16636
364,2018-12-05,오후 8:00:00,23,Philadelphia 76ers,102,28,Toronto Raptors,113,19800
365,2018-12-06,오후 8:00:00,20,New York Knicks,100,2,Boston Celtics,128,18624
366,2018-12-06,오후 10:00:00,24,Phoenix Suns,86,25,Portland Trail Blazers,108,19001
367,2018-12-06,오후 10:30:00,11,Houston Rockets,91,29,Utah Jazz,118,18306
368,2018-12-07,오후 7:30:00,28,Toronto Raptors,105,3,Brooklyn Nets,106,14035
369,2018-12-07,오후 8:00:00,21,Oklahoma City Thunder,112,5,Chicago Bulls,114,19842
370,2018-12-07,오후 7:00:00,8,Denver Nuggets,107,4,Charlotte Hornets,113,13755
371,2018-12-07,오후 7:30:00,26,Sacramento Kings,129,6,Cleveland Cavaliers,110,19432
372,2018-12-07,오후 7:00:00,23,Philadelphia 76ers,117,9,Detroit Pistons,111,15680
373,2018-12-07,오후 9:30:00,10,Golden State Warriors,105,17,Milwaukee Bucks,95,17852
374,2018-12-07,오후 8:00:00,15,Memphis Grizzlies,107,19,New Orleans Pelicans,103,18447
375,2018-12-07,오후 7:00:00,12,Indiana Pacers,112,22,Orlando Magic,90,17214
376,2018-12-07,오후 9:00:00,16,Miami Heat,115,24,Phoenix Suns,98,14273
377,2018-12-07,오후 8:30:00,14,Los Angeles Lakers,120,27,San Antonio Spurs,133,18354
378,2018-12-08,오후 7:30:00,8,Denver Nuggets,98,1,Atlanta Hawks,106,14409
379,2018-12-08,오후 8:00:00,2,Boston Celtics,133,5,Chicago Bulls,77,20923
380,2018-12-08,오후 7:30:00,30,Washington Wizards,101,6,Cleveland Cavaliers,116,19432
381,2018-12-08,오후 6:00:00,11,Houston Rockets,104,7,Dallas Mavericks,107,20254
382,2018-12-08,오후 7:00:00,26,Sacramento Kings,97,12,Indiana Pacers,107,16867
383,2018-12-08,오후 10:30:00,16,Miami Heat,121,13,Los Angeles Clippers,98,17113
384,2018-12-08,오후 8:00:00,14,Los Angeles Lakers,111,15,Memphis Grizzlies,88,17794
385,2018-12-08,오후 7:30:00,3,Brooklyn Nets,112,20,New York Knicks,104,18662
386,2018-12-08,오후 10:00:00,18,Minnesota Timberwolves,105,25,Portland Trail Blazers,113,19359
387,2018-12-09,오후 3:30:00,19,New Orleans Pelicans,116,9,Detroit Pistons,108,14705
388,2018-12-09,오후 7:30:00,4,Charlotte Hornets,119,20,New York Knicks,107,18602
389,2018-12-09,오후 7:00:00,29,Utah Jazz,97,27,San Antonio Spurs,110,17834
390,2018-12-09,오후 6:00:00,17,Milwaukee Bucks,104,28,Toronto Raptors,99,19800
391,2018-12-10,오후 7:30:00,19,New Orleans Pelicans,100,2,Boston Celtics,113,18624
392,2018-12-10,오후 8:00:00,26,Sacramento Kings,108,5,Chicago Bulls,89,18164
393,2018-12-10,오후 8:30:00,22,Orlando Magic,76,7,Dallas Mavericks,101,19334
394,2018-12-10,오후 9:00:00,15,Memphis Grizzlies,99,8,Denver Nuggets,105,15278
395,2018-12-10,오후 10:30:00,18,Minnesota Timberwolves,108,10,Golden State Warriors,116,19596
396,2018-12-10,오후 7:00:00,30,Washington Wizards,101,12,Indiana Pacers,109,14645
397,2018-12-10,오후 10:30:00,16,Miami Heat,105,14,Los Angeles Lakers,108,18997
398,2018-12-10,오후 8:00:00,6,Cleveland Cavaliers,92,17,Milwaukee Bucks,108,17155
399,2018-12-10,오후 8:00:00,29,Utah Jazz,113,21,Oklahoma City Thunder,122,18203
400,2018-12-10,오후 7:00:00,9,Detroit Pistons,102,23,Philadelphia 76ers,116,20199
401,2018-12-10,오후 9:00:00,13,Los Angeles Clippers,123,24,Phoenix Suns,119,12088
402,2018-12-11,오후 8:00:00,25,Portland Trail Blazers,104,11,Houston Rockets,111,18055
403,2018-12-11,오후 10:30:00,28,Toronto Raptors,123,13,Los Angeles Clippers,99,17812
404,2018-12-11,오후 8:30:00,24,Phoenix Suns,86,27,San Antonio Spurs,111,17676
405,2018-12-12,오후 7:00:00,9,Detroit Pistons,107,4,Charlotte Hornets,108,13997
406,2018-12-12,오후 7:00:00,20,New York Knicks,106,6,Cleveland Cavaliers,113,19432
407,2018-12-12,오후 8:30:00,1,Atlanta Hawks,107,7,Dallas Mavericks,114,19643
408,2018-12-12,오후 10:30:00,28,Toronto Raptors,113,10,Golden State Warriors,93,19596
409,2018-12-12,오후 7:00:00,17,Milwaukee Bucks,97,12,Indiana Pacers,113,17070
410,2018-12-12,오후 8:00:00,25,Portland Trail Blazers,83,15,Memphis Grizzlies,92,16282
411,2018-12-12,오후 8:00:00,21,Oklahoma City Thunder,114,19,New Orleans Pelicans,118,14450
412,2018-12-12,오후 7:00:00,3,Brooklyn Nets,127,23,Philadelphia 76ers,124,20376
413,2018-12-12,오후 10:00:00,18,Minnesota Timberwolves,130,26,Sacramento Kings,141,15770
414,2018-12-12,오후 9:00:00,16,Miami Heat,84,29,Utah Jazz,111,18306
415,2018-12-12,오후 7:00:00,2,Boston Celtics,130,30,Washington Wizards,125,20409
416,2018-12-13,오후 8:00:00,14,Los Angeles Lakers,111,11,Houston Rockets,126,18055
417,2018-12-13,오후 9:30:00,5,Chicago Bulls,91,22,Orlando Magic,97,20201
418,2018-12-13,오후 10:30:00,7,Dallas Mavericks,89,24,Phoenix Suns,99,13265
419,2018-12-13,오후 8:30:00,13,Los Angeles Clippers,87,27,San Antonio Spurs,125,18354
420,2018-12-14,오후 7:00:00,1,Atlanta Hawks,108,2,Boston Celtics,129,18624
421,2018-12-14,오후 7:30:00,30,Washington Wizards,118,3,Brooklyn Nets,125,13232
422,2018-12-14,오후 7:00:00,20,New York Knicks,126,4,Charlotte Hornets,124,17622
423,2018-12-14,오후 7:30:00,17,Milwaukee Bucks,114,6,Cleveland Cavaliers,102,19432
424,2018-12-14,오후 10:00:00,21,Oklahoma City Thunder,98,8,Denver Nuggets,109,19520
425,2018-12-14,오후 8:00:00,16,Miami Heat,100,15,Memphis Grizzlies,97,16313
426,2018-12-14,오후 7:30:00,12,Indiana Pacers,113,23,Philadelphia 76ers,101,20337
427,2018-12-14,오후 10:00:00,28,Toronto Raptors,122,25,Portland Trail Blazers,128,19458
428,2018-12-14,오후 10:00:00,10,Golden State Warriors,130,26,Sacramento Kings,125,17583
429,2018-12-15,오후 7:00:00,14,Los Angeles Lakers,128,4,Charlotte Hornets,100,19641
430,2018-12-15,오후 7:00:00,2,Boston Celtics,104,9,Detroit Pistons,113,17078
431,2018-12-15,오후 8:00:00,11,Houston Rockets,105,15,Memphis Grizzlies,97,16777
432,2018-12-15,오후 9:00:00,13,Los Angeles Clippers,104,21,Oklahoma City Thunder,110,18203
433,2018-12-15,오후 5:00:00,29,Utah Jazz,89,22,Orlando Magic,96,20011
434,2018-12-15,오후 9:00:00,18,Minnesota Timberwolves,99,24,Phoenix Suns,107,14244
435,2018-12-15,오후 8:30:00,5,Chicago Bulls,98,27,San Antonio Spurs,93,18354
436,2018-12-16,오후 3:00:00,1,Atlanta Hawks,127,3,Brooklyn Nets,144,13955
437,2018-12-16,오후 3:30:00,23,Philadelphia 76ers,128,6,Cleveland Cavaliers,105,19432
438,2018-12-16,오후 7:00:00,26,Sacramento Kings,120,7,Dallas Mavericks,113,19935
439,2018-12-16,오후 8:00:00,28,Toronto Raptors,86,8,Denver Nuggets,95,19520
440,2018-12-16,오후 5:00:00,20,New York Knicks,99,12,Indiana Pacers,110,16646
441,2018-12-16,오후 7:00:00,16,Miami Heat,102,19,New Orleans Pelicans,96,15535
442,2018-12-16,오후 6:00:00,14,Los Angeles Lakers,110,30,Washington Wizards,128,20409
443,2018-12-17,오후 7:00:00,17,Milwaukee Bucks,107,9,Detroit Pistons,104,15051
444,2018-12-17,오후 10:30:00,15,Memphis Grizzlies,93,10,Golden State Warriors,110,19596
445,2018-12-17,오후 8:00:00,29,Utah Jazz,97,11,Houston Rockets,102,18055
446,2018-12-17,오후 10:30:00,25,Portland Trail Blazers,131,13,Los Angeles Clippers,127,16030
447,2018-12-17,오후 8:00:00,26,Sacramento Kings,105,18,Minnesota Timberwolves,132,12417
448,2018-12-17,오후 7:30:00,24,Phoenix Suns,128,20,New York Knicks,110,18437
449,2018-12-17,오후 8:00:00,5,Chicago Bulls,96,21,Oklahoma City Thunder,121,18203
450,2018-12-17,오후 8:30:00,23,Philadelphia 76ers,96,27,San Antonio Spurs,123,17486
451,2018-12-18,오후 7:30:00,30,Washington Wizards,110,1,Atlanta Hawks,118,16489
452,2018-12-18,오후 7:30:00,14,Los Angeles Lakers,110,3,Brooklyn Nets,115,17732
453,2018-12-18,오후 9:00:00,7,Dallas Mavericks,118,8,Denver Nuggets,126,15764
454,2018-12-18,오후 7:00:00,6,Cleveland Cavaliers,92,12,Indiana Pacers,91,15630
455,2018-12-19,오후 7:30:00,24,Phoenix Suns,111,2,Boston Celtics,103,18624
456,2018-12-19,오후 8:00:00,3,Brooklyn Nets,96,5,Chicago Bulls,93,18065
457,2018-12-19,오후 7:00:00,6,Cleveland Cavaliers,99,4,Charlotte Hornets,110,15179
458,2018-12-19,오후 8:00:00,30,Washington Wizards,118,11,Houston Rockets,136,18055
459,2018-12-19,오후 8:00:00,19,New Orleans Pelicans,115,17,Milwaukee Bucks,123,17341
460,2018-12-19,오후 8:00:00,9,Detroit Pistons,129,18,Minnesota Timberwolves,123,15883
461,2018-12-19,오후 7:00:00,27,San Antonio Spurs,129,22,Orlando Magic,90,17138
462,2018-12-19,오후 7:00:00,20,New York Knicks,109,23,Philadelphia 76ers,131,20424
463,2018-12-19,오후 10:00:00,15,Memphis Grizzlies,92,25,Portland Trail Blazers,99,19412
464,2018-12-19,오후 10:00:00,21,Oklahoma City Thunder,132,26,Sacramento Kings,113,17583
465,2018-12-19,오후 7:30:00,12,Indiana Pacers,96,28,Toronto Raptors,99,19800
466,2018-12-19,오후 9:00:00,10,Golden State Warriors,103,29,Utah Jazz,108,18306
467,2018-12-20,오후 10:30:00,7,Dallas Mavericks,121,13,Los Angeles Clippers,125,17528
468,2018-12-20,오후 8:00:00,11,Houston Rockets,99,16,Miami Heat,101,19600
469,2018-12-21,오후 8:00:00,17,Milwaukee Bucks,120,2,Boston Celtics,107,18624
470,2018-12-21,오후 7:30:00,12,Indiana Pacers,114,3,Brooklyn Nets,106,13302
471,2018-12-21,오후 8:00:00,22,Orlando Magic,80,5,Chicago Bulls,90,20436
472,2018-12-21,오후 7:00:00,9,Detroit Pistons,86,4,Charlotte Hornets,98,15812
473,2018-12-21,오후 10:30:00,19,New Orleans Pelicans,104,14,Los Angeles Lakers,112,18997
474,2018-12-21,오후 7:30:00,1,Atlanta Hawks,114,20,New York Knicks,107,19080
475,2018-12-21,오후 10:00:00,29,Utah Jazz,120,25,Portland Trail Blazers,90,19127
476,2018-12-21,오후 10:00:00,15,Memphis Grizzlies,99,26,Sacramento Kings,102,16369
477,2018-12-21,오후 8:30:00,18,Minnesota Timberwolves,98,27,San Antonio Spurs,124,17708
478,2018-12-21,오후 7:00:00,6,Cleveland Cavaliers,110,28,Toronto Raptors,126,19800
479,2018-12-22,오후 8:30:00,7,Dallas Mavericks,116,10,Golden State Warriors,120,19596
480,2018-12-22,오후 8:00:00,27,San Antonio Spurs,101,11,Houston Rockets,108,18055
481,2018-12-22,오후 5:00:00,8,Denver Nuggets,111,13,Los Angeles Clippers,132,16571
482,2018-12-22,오후 8:00:00,17,Milwaukee Bucks,87,16,Miami Heat,94,19600
483,2018-12-22,오후 7:30:00,28,Toronto Raptors,101,23,Philadelphia 76ers,126,20691
484,2018-12-22,오후 9:00:00,21,Oklahoma City Thunder,107,29,Utah Jazz,106,18306
485,2018-12-22,오후 7:00:00,24,Phoenix Suns,146,30,Washington Wizards,149,16571
486,2018-12-23,오후 6:00:00,4,Charlotte Hornets,103,2,Boston Celtics,119,18624
487,2018-12-23,오후 6:00:00,24,Phoenix Suns,103,3,Brooklyn Nets,111,15310
488,2018-12-23,오후 6:00:00,5,Chicago Bulls,112,6,Cleveland Cavaliers,92,19432
489,2018-12-23,오후 4:00:00,1,Atlanta Hawks,98,9,Detroit Pistons,95,16532
490,2018-12-23,오후 8:30:00,13,Los Angeles Clippers,127,10,Golden State Warriors,129,19596
491,2018-12-23,오후 5:00:00,30,Washington Wizards,89,12,Indiana Pacers,105,17923
492,2018-12-23,오후 9:30:00,15,Memphis Grizzlies,107,14,Los Angeles Lakers,99,18997
493,2018-12-23,오후 8:00:00,18,Minnesota Timberwolves,114,21,Oklahoma City Thunder,112,18203
494,2018-12-23,오후 6:00:00,16,Miami Heat,115,22,Orlando Magic,91,18846
495,2018-12-23,오후 9:00:00,7,Dallas Mavericks,118,25,Portland Trail Blazers,121,19707
496,2018-12-23,오후 6:00:00,19,New Orleans Pelicans,117,26,Sacramento Kings,122,16643
497,2018-12-25,오후 5:30:00,23,Philadelphia 76ers,114,2,Boston Celtics,121,18624
498,2018-12-25,오후 8:00:00,14,Los Angeles Lakers,127,10,Golden State Warriors,101,19596
499,2018-12-25,오후 3:00:00,21,Oklahoma City Thunder,109,11,Houston Rockets,113,18055
500,2018-12-25,오후 6:00:00,17,Milwaukee Bucks,109,20,New York Knicks,95,19812
501,2018-12-25,오후 10:30:00,25,Portland Trail Blazers,96,29,Utah Jazz,117,18306
502,2018-12-26,오후 7:30:00,12,Indiana Pacers,129,1,Atlanta Hawks,121,15026
503,2018-12-26,오후 7:30:00,4,Charlotte Hornets,132,3,Brooklyn Nets,134,14309
504,2018-12-26,오후 8:00:00,18,Minnesota Timberwolves,119,5,Chicago Bulls,94,21852
505,2018-12-26,오후 8:30:00,19,New Orleans Pelicans,119,7,Dallas Mavericks,122,20340
506,2018-12-26,오후 7:00:00,30,Washington Wizards,95,9,Detroit Pistons,106,17534
507,2018-12-26,오후 10:30:00,26,Sacramento Kings,118,13,Los Angeles Clippers,127,19068
508,2018-12-26,오후 8:00:00,6,Cleveland Cavaliers,87,15,Memphis Grizzlies,95,16424
509,2018-12-26,오후 7:30:00,28,Toronto Raptors,106,16,Miami Heat,104,19902
510,2018-12-26,오후 7:00:00,24,Phoenix Suns,122,22,Orlando Magic,120,16755
511,2018-12-26,오후 8:30:00,8,Denver Nuggets,103,27,San Antonio Spurs,111,18408
512,2018-12-27,오후 10:30:00,25,Portland Trail Blazers,110,10,Golden State Warriors,109,19596
513,2018-12-27,오후 8:00:00,2,Boston Celtics,113,11,Houston Rockets,127,18055
514,2018-12-27,오후 8:00:00,20,New York Knicks,96,17,Milwaukee Bucks,112,18058
515,2018-12-27,오후 10:00:00,14,Los Angeles Lakers,116,26,Sacramento Kings,117,17583
516,2018-12-27,오후 10:30:00,23,Philadelphia 76ers,114,29,Utah Jazz,97,18306
517,2018-12-28,오후 7:00:00,3,Brooklyn Nets,87,4,Charlotte Hornets,100,19411
518,2018-12-28,오후 9:00:00,27,San Antonio Spurs,99,8,Denver Nuggets,102,20076
519,2018-12-28,오후 7:00:00,9,Detroit Pistons,88,12,Indiana Pacers,125,17923
520,2018-12-28,오후 10:30:00,13,Los Angeles Clippers,118,14,Los Angeles Lakers,107,18997
521,2018-12-28,오후 8:00:00,6,Cleveland Cavaliers,94,16,Miami Heat,118,19617
522,2018-12-28,오후 8:00:00,1,Atlanta Hawks,123,18,Minnesota Timberwolves,120,18978
523,2018-12-28,오후 8:00:00,7,Dallas Mavericks,112,19,New Orleans Pelicans,114,18364
524,2018-12-28,오후 7:00:00,28,Toronto Raptors,87,22,Orlando Magic,116,18846
525,2018-12-28,오후 9:00:00,21,Oklahoma City Thunder,118,24,Phoenix Suns,102,18055
526,2018-12-28,오후 7:00:00,5,Chicago Bulls,101,30,Washington Wizards,92,20409
527,2018-12-29,오후 7:30:00,6,Cleveland Cavaliers,108,1,Atlanta Hawks,111,16460
528,2018-12-29,오후 10:30:00,27,San Antonio Spurs,122,13,Los Angeles Clippers,111,19068
529,2018-12-29,오후 8:00:00,2,Boston Celtics,112,15,Memphis Grizzlies,103,17794
530,2018-12-29,오후 5:00:00,3,Brooklyn Nets,115,17,Milwaukee Bucks,129,17918
531,2018-12-29,오후 7:00:00,11,Houston Rockets,108,19,New Orleans Pelicans,104,17555
532,2018-12-29,오후 9:00:00,8,Denver Nuggets,122,24,Phoenix Suns,118,14975
533,2018-12-29,오후 10:00:00,10,Golden State Warriors,115,25,Portland Trail Blazers,105,19797
534,2018-12-29,오후 8:00:00,20,New York Knicks,97,29,Utah Jazz,129,18306
535,2018-12-29,오후 7:00:00,4,Charlotte Hornets,126,30,Washington Wizards,130,17197
536,2018-12-30,오후 7:00:00,21,Oklahoma City Thunder,103,7,Dallas Mavericks,105,20380
537,2018-12-30,오후 9:30:00,26,Sacramento Kings,114,14,Los Angeles Lakers,121,18997
538,2018-12-30,오후 6:00:00,18,Minnesota Timberwolves,113,16,Miami Heat,104,19600
539,2018-12-30,오후 3:30:00,9,Detroit Pistons,107,22,Orlando Magic,109,17761
540,2018-12-30,오후 9:00:00,23,Philadelphia 76ers,95,25,Portland Trail Blazers,129,19393
541,2018-12-30,오후 6:00:00,5,Chicago Bulls,89,28,Toronto Raptors,95,19800
542,2018-12-31,오후 6:00:00,22,Orlando Magic,100,4,Charlotte Hornets,125,14694
543,2018-12-31,오후 7:00:00,15,Memphis Grizzlies,101,11,Houston Rockets,113,18055
544,2018-12-31,오후 3:00:00,1,Atlanta Hawks,108,12,Indiana Pacers,116,17923
545,2018-12-31,오후 8:00:00,18,Minnesota Timberwolves,114,19,New Orleans Pelicans,123,14904
546,2018-12-31,오후 8:00:00,7,Dallas Mavericks,102,21,Oklahoma City Thunder,122,18203
547,2018-12-31,오후 9:00:00,10,Golden State Warriors,132,24,Phoenix Suns,109,16906
548,2018-12-31,오후 7:00:00,2,Boston Celtics,111,27,San Antonio Spurs,120,18354
549,2019-01-01,오후 9:00:00,20,New York Knicks,108,8,Denver Nuggets,115,19520
550,2019-01-01,오후 10:30:00,23,Philadelphia 76ers,119,13,Los Angeles Clippers,113,17868
551,2019-01-01,오후 8:00:00,9,Detroit Pistons,98,17,Milwaukee Bucks,121,17534
552,2019-01-01,오후 9:00:00,25,Portland Trail Blazers,113,26,Sacramento Kings,108,17583
553,2019-01-01,오후 7:30:00,29,Utah Jazz,116,28,Toronto Raptors,122,19800
554,2019-01-02,오후 8:00:00,18,Minnesota Timberwolves,102,2,Boston Celtics,115,18624
555,2019-01-02,오후 7:30:00,19,New Orleans Pelicans,121,3,Brooklyn Nets,126,16890
556,2019-01-02,오후 8:00:00,22,Orlando Magic,112,5,Chicago Bulls,84,19013
557,2019-01-02,오후 7:00:00,7,Dallas Mavericks,122,4,Charlotte Hornets,84,16955
558,2019-01-02,오후 7:00:00,16,Miami Heat,117,6,Cleveland Cavaliers,92,19432
559,2019-01-02,오후 10:30:00,21,Oklahoma City Thunder,107,14,Los Angeles Lakers,100,18997
560,2019-01-02,오후 8:00:00,9,Detroit Pistons,101,15,Memphis Grizzlies,94,14109
561,2019-01-02,오후 9:00:00,23,Philadelphia 76ers,132,24,Phoenix Suns,127,15226
562,2019-01-02,오후 7:00:00,1,Atlanta Hawks,98,30,Washington Wizards,114,15324
563,2019-01-03,오후 10:30:00,11,Houston Rockets,135,10,Golden State Warriors,134,19596
564,2019-01-03,오후 10:00:00,8,Denver Nuggets,117,26,Sacramento Kings,113,17583
565,2019-01-03,오후 8:00:00,28,Toronto Raptors,107,27,San Antonio Spurs,125,18354
566,2019-01-04,오후 8:00:00,7,Dallas Mavericks,93,2,Boston Celtics,114,18624
567,2019-01-04,오후 8:00:00,12,Indiana Pacers,119,5,Chicago Bulls,116,21284
568,2019-01-04,오후 7:30:00,29,Utah Jazz,117,6,Cleveland Cavaliers,91,19432
569,2019-01-04,오후 10:30:00,20,New York Knicks,119,14,Los Angeles Lakers,112,18997
570,2019-01-04,오후 8:00:00,3,Brooklyn Nets,109,15,Memphis Grizzlies,100,16683
571,2019-01-04,오후 8:00:00,30,Washington Wizards,109,16,Miami Heat,115,19600
572,2019-01-04,오후 8:30:00,1,Atlanta Hawks,112,17,Milwaukee Bucks,144,17632
573,2019-01-04,오후 8:00:00,22,Orlando Magic,103,18,Minnesota Timberwolves,120,14355
574,2019-01-04,오후 9:00:00,13,Los Angeles Clippers,121,24,Phoenix Suns,111,14764
575,2019-01-04,오후 10:30:00,21,Oklahoma City Thunder,111,25,Portland Trail Blazers,109,19393
576,2019-01-05,오후 8:00:00,19,New Orleans Pelicans,133,6,Cleveland Cavaliers,98,19432
577,2019-01-05,오후 5:00:00,4,Charlotte Hornets,110,8,Denver Nuggets,123,19861
578,2019-01-05,오후 7:00:00,29,Utah Jazz,110,9,Detroit Pistons,105,17255
579,2019-01-05,오후 8:30:00,28,Toronto Raptors,123,17,Milwaukee Bucks,116,18028
580,2019-01-05,오후 7:30:00,7,Dallas Mavericks,100,23,Philadelphia 76ers,106,20656
581,2019-01-05,오후 10:00:00,11,Houston Rockets,101,25,Portland Trail Blazers,110,19577
582,2019-01-05,오후 10:00:00,10,Golden State Warriors,127,26,Sacramento Kings,123,17583
583,2019-01-05,오후 8:30:00,15,Memphis Grizzlies,88,27,San Antonio Spurs,108,18354
584,2019-01-06,오후 6:00:00,16,Miami Heat,82,1,Atlanta Hawks,106,16630
585,2019-01-06,오후 3:30:00,3,Brooklyn Nets,117,5,Chicago Bulls,100,19265
586,2019-01-06,오후 3:30:00,22,Orlando Magic,96,13,Los Angeles Clippers,106,16616
587,2019-01-06,오후 3:30:00,14,Los Angeles Lakers,86,18,Minnesota Timberwolves,108,18978
588,2019-01-06,오후 7:00:00,30,Washington Wizards,116,21,Oklahoma City Thunder,98,18203
589,2019-01-06,오후 8:00:00,4,Charlotte Hornets,119,24,Phoenix Suns,113,13110
590,2019-01-06,오후 7:30:00,12,Indiana Pacers,105,28,Toronto Raptors,121,19800
591,2019-01-07,오후 7:30:00,3,Brooklyn Nets,95,2,Boston Celtics,116,18624
592,2019-01-07,오후 8:30:00,14,Los Angeles Lakers,107,7,Dallas Mavericks,97,20354
593,2019-01-07,오후 7:00:00,27,San Antonio Spurs,119,9,Detroit Pistons,107,13107
594,2019-01-07,오후 8:00:00,8,Denver Nuggets,113,11,Houston Rockets,125,18055
595,2019-01-07,오후 8:00:00,29,Utah Jazz,102,17,Milwaukee Bucks,114,17341
596,2019-01-07,오후 8:00:00,15,Memphis Grizzlies,95,19,New Orleans Pelicans,114,14624
597,2019-01-07,오후 10:00:00,20,New York Knicks,101,25,Portland Trail Blazers,111,19026
598,2019-01-07,오후 10:00:00,22,Orlando Magic,95,26,Sacramento Kings,111,15724
599,2019-01-08,오후 7:00:00,12,Indiana Pacers,123,6,Cleveland Cavaliers,115,19432
600,2019-01-08,오후 10:30:00,20,New York Knicks,95,10,Golden State Warriors,122,19596
601,2019-01-08,오후 10:30:00,4,Charlotte Hornets,109,13,Los Angeles Clippers,128,15275
602,2019-01-08,오후 7:30:00,8,Denver Nuggets,103,16,Miami Heat,99,19600
603,2019-01-08,오후 8:00:00,18,Minnesota Timberwolves,119,21,Oklahoma City Thunder,117,18203
604,2019-01-08,오후 7:00:00,30,Washington Wizards,115,23,Philadelphia 76ers,132,20446
605,2019-01-08,오후 9:00:00,26,Sacramento Kings,111,24,Phoenix Suns,115,13977
606,2019-01-08,오후 7:30:00,1,Atlanta Hawks,101,28,Toronto Raptors,104,19800
607,2019-01-09,오후 7:00:00,12,Indiana Pacers,108,2,Boston Celtics,135,18624
608,2019-01-09,오후 7:30:00,1,Atlanta Hawks,100,3,Brooklyn Nets,116,14531
609,2019-01-09,오후 8:30:00,24,Phoenix Suns,94,7,Dallas Mavericks,104,19596
610,2019-01-09,오후 8:00:00,17,Milwaukee Bucks,116,11,Houston Rockets,109,18055
611,2019-01-09,오후 10:30:00,9,Detroit Pistons,100,14,Los Angeles Lakers,113,18997
612,2019-01-09,오후 8:00:00,27,San Antonio Spurs,86,15,Memphis Grizzlies,96,13944
613,2019-01-09,오후 8:00:00,6,Cleveland Cavaliers,124,19,New Orleans Pelicans,140,15058
614,2019-01-09,오후 10:00:00,5,Chicago Bulls,112,25,Portland Trail Blazers,124,19393
615,2019-01-09,오후 9:00:00,22,Orlando Magic,93,29,Utah Jazz,106,18306
616,2019-01-09,오후 7:00:00,23,Philadelphia 76ers,106,30,Washington Wizards,123,18039
617,2019-01-10,오후 9:00:00,13,Los Angeles Clippers,100,8,Denver Nuggets,121,15742
618,2019-01-10,오후 7:00:00,2,Boston Celtics,99,16,Miami Heat,115,19600
619,2019-01-10,오후 10:00:00,9,Detroit Pistons,102,26,Sacramento Kings,112,16916
620,2019-01-10,오후 9:30:00,21,Oklahoma City Thunder,147,27,San Antonio Spurs,154,18354
621,2019-01-11,오후 10:30:00,5,Chicago Bulls,109,10,Golden State Warriors,146,19596
622,2019-01-11,오후 8:00:00,6,Cleveland Cavaliers,113,11,Houston Rockets,141,18055
623,2019-01-11,오후 8:00:00,7,Dallas Mavericks,119,18,Minnesota Timberwolves,115,18978
624,2019-01-11,오후 7:30:00,12,Indiana Pacers,121,20,New York Knicks,106,19812
625,2019-01-11,오후 7:00:00,1,Atlanta Hawks,123,23,Philadelphia 76ers,121,20487
626,2019-01-11,오후 10:00:00,4,Charlotte Hornets,96,25,Portland Trail Blazers,127,19393
627,2019-01-11,오후 7:30:00,3,Brooklyn Nets,105,28,Toronto Raptors,122,19800
628,2019-01-11,오후 10:00:00,14,Los Angeles Lakers,95,29,Utah Jazz,113,18306
629,2019-01-11,오후 7:00:00,17,Milwaukee Bucks,106,30,Washington Wizards,113,17996
630,2019-01-12,오후 3:30:00,9,Detroit Pistons,109,13,Los Angeles Clippers,104,16540
631,2019-01-12,오후 5:00:00,15,Memphis Grizzlies,108,16,Miami Heat,112,19600
632,2019-01-12,오후 8:00:00,19,New Orleans Pelicans,106,18,Minnesota Timberwolves,110,16384
633,2019-01-12,오후 8:00:00,27,San Antonio Spurs,112,21,Oklahoma City Thunder,122,18203
634,2019-01-12,오후 7:00:00,2,Boston Celtics,103,22,Orlando Magic,105,18846
635,2019-01-12,오후 9:00:00,8,Denver Nuggets,93,24,Phoenix Suns,102,15246
636,2019-01-12,오후 10:00:00,4,Charlotte Hornets,97,26,Sacramento Kings,104,17853
637,2019-01-12,오후 10:00:00,5,Chicago Bulls,102,29,Utah Jazz,110,18306
638,2019-01-13,오후 3:30:00,17,Milwaukee Bucks,133,1,Atlanta Hawks,114,16292
639,2019-01-13,오후 7:00:00,10,Golden State Warriors,119,7,Dallas Mavericks,114,20340
640,2019-01-13,오후 8:00:00,25,Portland Trail Blazers,113,8,Denver Nuggets,116,19520
641,2019-01-13,오후 9:30:00,6,Cleveland Cavaliers,101,14,Los Angeles Lakers,95,18997
642,2019-01-13,오후 1:00:00,23,Philadelphia 76ers,108,20,New York Knicks,105,18596
643,2019-01-13,오후 6:00:00,11,Houston Rockets,109,22,Orlando Magic,116,16982
644,2019-01-13,오후 1:00:00,28,Toronto Raptors,140,30,Washington Wizards,138,16919
645,2019-01-14,오후 7:30:00,2,Boston Celtics,102,3,Brooklyn Nets,109,16247
646,2019-01-14,오후 8:00:00,15,Memphis Grizzlies,94,11,Houston Rockets,112,18055
647,2019-01-14,오후 10:30:00,19,New Orleans Pelicans,121,13,Los Angeles Clippers,117,15283
648,2019-01-14,오후 10:00:00,25,Portland Trail Blazers,107,26,Sacramento Kings,115,17583
649,2019-01-14,오후 8:30:00,4,Charlotte Hornets,108,27,San Antonio Spurs,93,18354
650,2019-01-14,오후 9:00:00,9,Detroit Pistons,94,29,Utah Jazz,100,18306
651,2019-01-15,오후 7:30:00,21,Oklahoma City Thunder,126,1,Atlanta Hawks,142,15045
652,2019-01-15,오후 9:00:00,10,Golden State Warriors,142,8,Denver Nuggets,111,19896
653,2019-01-15,오후 7:00:00,24,Phoenix Suns,97,12,Indiana Pacers,131,15698
654,2019-01-15,오후 10:30:00,5,Chicago Bulls,100,14,Los Angeles Lakers,107,18997
655,2019-01-15,오후 8:00:00,16,Miami Heat,86,17,Milwaukee Bucks,124,17626
656,2019-01-15,오후 7:00:00,18,Minnesota Timberwolves,107,23,Philadelphia 76ers,149,20265
657,2019-01-16,오후 8:00:00,28,Toronto Raptors,108,2,Boston Celtics,117,18624
658,2019-01-16,오후 8:30:00,27,San Antonio Spurs,105,7,Dallas Mavericks,101,20214
659,2019-01-16,오후 7:00:00,22,Orlando Magic,115,9,Detroit Pistons,120,14019
660,2019-01-16,오후 10:30:00,19,New Orleans Pelicans,140,10,Golden State Warriors,147,19596
661,2019-01-16,오후 8:00:00,3,Brooklyn Nets,145,11,Houston Rockets,142,18055
662,2019-01-16,오후 10:30:00,29,Utah Jazz,129,13,Los Angeles Clippers,109,15535
663,2019-01-16,오후 8:00:00,17,Milwaukee Bucks,111,15,Memphis Grizzlies,101,14921
664,2019-01-16,오후 10:00:00,6,Cleveland Cavaliers,112,25,Portland Trail Blazers,129,19089
665,2019-01-17,오후 7:00:00,26,Sacramento Kings,95,4,Charlotte Hornets,114,15431
666,2019-01-17,오후 9:00:00,5,Chicago Bulls,105,8,Denver Nuggets,135,17289
667,2019-01-17,오후 7:00:00,23,Philadelphia 76ers,120,12,Indiana Pacers,96,16007
668,2019-01-17,오후 9:30:00,14,Los Angeles Lakers,138,21,Oklahoma City Thunder,128,18203
669,2019-01-17,오후 7:30:00,24,Phoenix Suns,109,28,Toronto Raptors,111,19800
670,2019-01-17,오후 3:00:00,20,New York Knicks,100,30,Washington Wizards,101,19078
671,2019-01-18,오후 7:00:00,15,Memphis Grizzlies,116,2,Boston Celtics,122,18624
672,2019-01-18,오후 7:00:00,16,Miami Heat,93,9,Detroit Pistons,98,17228
673,2019-01-18,오후 10:30:00,10,Golden State Warriors,112,13,Los Angeles Clippers,94,19068
674,2019-01-18,오후 8:00:00,27,San Antonio Spurs,116,18,Minnesota Timberwolves,113,17222
675,2019-01-18,오후 7:00:00,3,Brooklyn Nets,117,22,Orlando Magic,115,17840
676,2019-01-18,오후 10:30:00,19,New Orleans Pelicans,112,25,Portland Trail Blazers,128,19598
677,2019-01-18,오후 9:00:00,6,Cleveland Cavaliers,99,29,Utah Jazz,115,18306
678,2019-01-19,오후 7:30:00,2,Boston Celtics,113,1,Atlanta Hawks,105,16626
679,2019-01-19,오후 8:00:00,16,Miami Heat,117,5,Chicago Bulls,103,20926
680,2019-01-19,오후 5:00:00,24,Phoenix Suns,115,4,Charlotte Hornets,135,19278
681,2019-01-19,오후 10:00:00,6,Cleveland Cavaliers,102,8,Denver Nuggets,124,19520
682,2019-01-19,오후 7:00:00,26,Sacramento Kings,103,9,Detroit Pistons,101,15377
683,2019-01-19,오후 8:30:00,14,Los Angeles Lakers,134,11,Houston Rockets,138,18055
684,2019-01-19,오후 7:00:00,7,Dallas Mavericks,99,12,Indiana Pacers,111,17508
685,2019-01-19,오후 7:00:00,17,Milwaukee Bucks,118,22,Orlando Magic,108,18846
686,2019-01-19,오후 3:30:00,21,Oklahoma City Thunder,117,23,Philadelphia 76ers,115,20646
687,2019-01-19,오후 7:30:00,15,Memphis Grizzlies,90,28,Toronto Raptors,119,19800
688,2019-01-20,오후 6:00:00,4,Charlotte Hornets,95,12,Indiana Pacers,120,15015
689,2019-01-20,오후 7:00:00,24,Phoenix Suns,114,18,Minnesota Timberwolves,116,14607
690,2019-01-20,오후 7:00:00,13,Los Angeles Clippers,103,27,San Antonio Spurs,95,18354
691,2019-01-21,오후 3:00:00,22,Orlando Magic,122,1,Atlanta Hawks,103,16611
692,2019-01-21,오후 6:00:00,16,Miami Heat,99,2,Boston Celtics,107,18624
693,2019-01-21,오후 3:30:00,26,Sacramento Kings,94,3,Brooklyn Nets,123,14233
694,2019-01-21,오후 1:00:00,5,Chicago Bulls,104,6,Cleveland Cavaliers,88,19432
695,2019-01-21,오후 10:30:00,10,Golden State Warriors,130,14,Los Angeles Lakers,111,18997
696,2019-01-21,오후 5:30:00,19,New Orleans Pelicans,105,15,Memphis Grizzlies,85,17794
697,2019-01-21,오후 2:00:00,7,Dallas Mavericks,106,17,Milwaukee Bucks,116,17963
698,2019-01-21,12:30p,21,Oklahoma City Thunder,127,20,New York Knicks,109,19493
699,2019-01-21,오후 8:00:00,11,Houston Rockets,93,23,Philadelphia 76ers,121,20313
700,2019-01-21,오후 9:00:00,25,Portland Trail Blazers,109,29,Utah Jazz,104,18306
701,2019-01-21,오후 2:00:00,9,Detroit Pistons,87,30,Washington Wizards,101,16229
702,2019-01-22,오후 8:30:00,13,Los Angeles Clippers,98,7,Dallas Mavericks,106,19466
703,2019-01-22,오후 8:00:00,25,Portland Trail Blazers,114,21,Oklahoma City Thunder,123,18203
704,2019-01-22,오후 9:00:00,18,Minnesota Timberwolves,118,24,Phoenix Suns,91,14460
705,2019-01-22,오후 7:00:00,26,Sacramento Kings,105,28,Toronto Raptors,120,19800
706,2019-01-23,오후 7:30:00,6,Cleveland Cavaliers,103,2,Boston Celtics,123,18624
707,2019-01-23,오후 7:30:00,22,Orlando Magic,110,3,Brooklyn Nets,114,13185
708,2019-01-23,오후 8:00:00,1,Atlanta Hawks,121,5,Chicago Bulls,101,18223
709,2019-01-23,오후 7:00:00,28,Toronto Raptors,106,12,Indiana Pacers,110,16879
710,2019-01-23,오후 8:00:00,4,Charlotte Hornets,118,15,Memphis Grizzlies,107,12863
711,2019-01-23,오후 7:30:00,13,Los Angeles Clippers,111,16,Miami Heat,99,19600
712,2019-01-23,오후 8:00:00,9,Detroit Pistons,98,19,New Orleans Pelicans,94,18181
713,2019-01-23,오후 7:30:00,11,Houston Rockets,114,20,New York Knicks,110,18819
714,2019-01-23,오후 8:00:00,27,San Antonio Spurs,120,23,Philadelphia 76ers,122,20339
715,2019-01-23,오후 10:30:00,8,Denver Nuggets,108,29,Utah Jazz,114,18306
716,2019-01-24,오후 10:30:00,18,Minnesota Timberwolves,120,14,Los Angeles Lakers,105,18997
717,2019-01-24,오후 8:00:00,19,New Orleans Pelicans,116,21,Oklahoma City Thunder,122,18203
718,2019-01-24,오후 9:00:00,25,Portland Trail Blazers,120,24,Phoenix Suns,106,15441
719,2019-01-24,오후 8:00:00,10,Golden State Warriors,126,30,Washington Wizards,118,20409
720,2019-01-25,오후 7:30:00,20,New York Knicks,99,3,Brooklyn Nets,109,17033
721,2019-01-25,오후 8:00:00,13,Los Angeles Clippers,106,5,Chicago Bulls,101,19354
722,2019-01-25,오후 7:30:00,16,Miami Heat,100,6,Cleveland Cavaliers,94,19432
723,2019-01-25,오후 8:30:00,9,Detroit Pistons,101,7,Dallas Mavericks,106,20327
724,2019-01-25,오후 9:00:00,24,Phoenix Suns,95,8,Denver Nuggets,132,17425
725,2019-01-25,오후 8:00:00,28,Toronto Raptors,119,11,Houston Rockets,121,18055
726,2019-01-25,오후 8:00:00,26,Sacramento Kings,99,15,Memphis Grizzlies,96,14486
727,2019-01-25,오후 8:30:00,4,Charlotte Hornets,99,17,Milwaukee Bucks,108,17803
728,2019-01-25,오후 7:00:00,30,Washington Wizards,95,22,Orlando Magic,91,17216
729,2019-01-25,오후 9:00:00,18,Minnesota Timberwolves,102,29,Utah Jazz,106,18306
730,2019-01-26,오후 8:30:00,10,Golden State Warriors,115,2,Boston Celtics,111,18624
731,2019-01-26,오후 9:00:00,23,Philadelphia 76ers,110,8,Denver Nuggets,126,19673
732,2019-01-26,오후 8:00:00,12,Indiana Pacers,103,15,Memphis Grizzlies,106,14486
733,2019-01-26,오후 6:00:00,27,San Antonio Spurs,126,19,New Orleans Pelicans,114,17724
734,2019-01-26,오후 10:00:00,1,Atlanta Hawks,111,25,Portland Trail Blazers,120,19629
735,2019-01-27,오후 3:30:00,6,Cleveland Cavaliers,104,5,Chicago Bulls,101,19675
736,2019-01-27,오후 7:00:00,28,Toronto Raptors,123,7,Dallas Mavericks,120,20308
737,2019-01-27,오후 7:00:00,22,Orlando Magic,98,11,Houston Rockets,103,18055
738,2019-01-27,오후 3:30:00,26,Sacramento Kings,108,13,Los Angeles Clippers,122,19068
739,2019-01-27,오후 9:30:00,24,Phoenix Suns,102,14,Los Angeles Lakers,116,18997
740,2019-01-27,오후 7:00:00,29,Utah Jazz,125,18,Minnesota Timberwolves,111,14542
741,2019-01-27,오후 7:30:00,16,Miami Heat,106,20,New York Knicks,97,18852
742,2019-01-27,오후 6:00:00,17,Milwaukee Bucks,112,21,Oklahoma City Thunder,118,18203
743,2019-01-27,오후 7:00:00,30,Washington Wizards,119,27,San Antonio Spurs,132,18354
744,2019-01-28,오후 7:30:00,3,Brooklyn Nets,104,2,Boston Celtics,112,18624
745,2019-01-28,오후 7:00:00,20,New York Knicks,92,4,Charlotte Hornets,101,13963
746,2019-01-28,오후 7:00:00,10,Golden State Warriors,132,12,Indiana Pacers,100,17923
747,2019-01-28,오후 10:30:00,1,Atlanta Hawks,123,13,Los Angeles Clippers,118,17382
748,2019-01-28,오후 8:00:00,8,Denver Nuggets,95,15,Memphis Grizzlies,92,12917
749,2019-01-29,오후 7:30:00,5,Chicago Bulls,117,3,Brooklyn Nets,122,12726
750,2019-01-29,오후 7:00:00,30,Washington Wizards,113,6,Cleveland Cavaliers,116,19432
751,2019-01-29,오후 7:00:00,17,Milwaukee Bucks,115,9,Detroit Pistons,105,14187
752,2019-01-29,오후 8:00:00,19,New Orleans Pelicans,121,11,Houston Rockets,116,18055
753,2019-01-29,오후 10:30:00,23,Philadelphia 76ers,121,14,Los Angeles Lakers,105,18997
754,2019-01-29,오후 7:00:00,21,Oklahoma City Thunder,126,22,Orlando Magic,117,16341
755,2019-01-29,오후 8:30:00,24,Phoenix Suns,124,27,San Antonio Spurs,126,18121
756,2019-01-30,오후 7:30:00,4,Charlotte Hornets,94,2,Boston Celtics,126,18624
757,2019-01-30,오후 7:30:00,5,Chicago Bulls,105,16,Miami Heat,89,19600
758,2019-01-30,오후 8:00:00,15,Memphis Grizzlies,97,18,Minnesota Timberwolves,99,13615
759,2019-01-30,오후 8:00:00,8,Denver Nuggets,105,19,New Orleans Pelicans,99,14211
760,2019-01-30,오후 7:30:00,7,Dallas Mavericks,114,20,New York Knicks,90,18842
761,2019-01-30,오후 10:30:00,29,Utah Jazz,105,25,Portland Trail Blazers,132,19393
762,2019-01-30,오후 10:00:00,1,Atlanta Hawks,113,26,Sacramento Kings,135,17583
763,2019-01-30,오후 8:00:00,12,Indiana Pacers,89,30,Washington Wizards,107,15354
764,2019-01-31,오후 7:00:00,7,Dallas Mavericks,89,9,Detroit Pistons,93,14075
765,2019-01-31,오후 10:30:00,23,Philadelphia 76ers,113,10,Golden State Warriors,104,19596
766,2019-01-31,오후 10:30:00,14,Los Angeles Lakers,123,13,Los Angeles Clippers,120,19068
767,2019-01-31,오후 7:00:00,12,Indiana Pacers,100,22,Orlando Magic,107,16625
768,2019-01-31,오후 8:30:00,3,Brooklyn Nets,114,27,San Antonio Spurs,117,18057
769,2019-01-31,오후 8:00:00,17,Milwaukee Bucks,105,28,Toronto Raptors,92,19800
770,2019-02-01,오후 7:00:00,15,Memphis Grizzlies,92,4,Charlotte Hornets,100,15387
771,2019-02-01,오후 10:00:00,11,Houston Rockets,122,8,Denver Nuggets,136,20106
772,2019-02-01,오후 8:00:00,21,Oklahoma City Thunder,118,16,Miami Heat,102,19600
773,2019-02-01,오후 7:30:00,2,Boston Celtics,113,20,New York Knicks,99,18343
774,2019-02-01,오후 9:00:00,1,Atlanta Hawks,112,29,Utah Jazz,128,18306
775,2019-02-02,오후 7:00:00,5,Chicago Bulls,118,4,Charlotte Hornets,125,19114
776,2019-02-02,오후 7:30:00,7,Dallas Mavericks,111,6,Cleveland Cavaliers,98,19432
777,2019-02-02,오후 5:00:00,13,Los Angeles Clippers,111,9,Detroit Pistons,101,17862
778,2019-02-02,오후 8:30:00,14,Los Angeles Lakers,101,10,Golden State Warriors,115,19596
779,2019-02-02,오후 7:30:00,12,Indiana Pacers,95,16,Miami Heat,88,19600
780,2019-02-02,오후 9:00:00,8,Denver Nuggets,107,18,Minnesota Timberwolves,106,17208
781,2019-02-02,오후 7:00:00,3,Brooklyn Nets,89,22,Orlando Magic,102,17385
782,2019-02-02,오후 9:00:00,1,Atlanta Hawks,118,24,Phoenix Suns,112,15534
783,2019-02-02,오후 10:00:00,23,Philadelphia 76ers,108,26,Sacramento Kings,115,17583
784,2019-02-02,오후 8:30:00,19,New Orleans Pelicans,108,27,San Antonio Spurs,113,18354
785,2019-02-02,오후 9:00:00,11,Houston Rockets,125,29,Utah Jazz,98,18306
786,2019-02-02,오후 7:00:00,17,Milwaukee Bucks,131,30,Washington Wizards,115,20409
787,2019-02-03,오후 2:00:00,21,Oklahoma City Thunder,129,2,Boston Celtics,134,18624
788,2019-02-03,오후 1:00:00,15,Memphis Grizzlies,96,20,New York Knicks,84,17025
789,2019-02-03,오후 3:00:00,13,Los Angeles Clippers,103,28,Toronto Raptors,121,19800
790,2019-02-04,오후 7:30:00,17,Milwaukee Bucks,113,3,Brooklyn Nets,94,16209
791,2019-02-04,오후 7:00:00,8,Denver Nuggets,103,9,Detroit Pistons,129,12589
792,2019-02-04,오후 8:00:00,12,Indiana Pacers,109,19,New Orleans Pelicans,107,15780
793,2019-02-04,오후 9:00:00,11,Houston Rockets,118,24,Phoenix Suns,110,15740
794,2019-02-04,오후 10:00:00,27,San Antonio Spurs,112,26,Sacramento Kings,127,16245
795,2019-02-04,오후 7:00:00,1,Atlanta Hawks,137,30,Washington Wizards,129,15025
796,2019-02-05,오후 7:00:00,13,Los Angeles Clippers,117,4,Charlotte Hornets,115,14300
797,2019-02-05,오후 7:00:00,2,Boston Celtics,103,6,Cleveland Cavaliers,96,19432
798,2019-02-05,오후 7:00:00,14,Los Angeles Lakers,94,12,Indiana Pacers,136,17265
799,2019-02-05,오후 8:00:00,18,Minnesota Timberwolves,106,15,Memphis Grizzlies,108,13454
800,2019-02-05,오후 7:30:00,9,Detroit Pistons,105,20,New York Knicks,92,17853
801,2019-02-05,오후 8:00:00,22,Orlando Magic,122,21,Oklahoma City Thunder,132,18203
802,2019-02-05,오후 8:00:00,28,Toronto Raptors,119,23,Philadelphia 76ers,107,20472
803,2019-02-05,오후 10:30:00,16,Miami Heat,118,25,Portland Trail Blazers,108,19468
804,2019-02-06,오후 7:30:00,8,Denver Nuggets,130,3,Brooklyn Nets,135,14516
805,2019-02-06,오후 8:00:00,19,New Orleans Pelicans,125,5,Chicago Bulls,120,18116
806,2019-02-06,오후 8:30:00,4,Charlotte Hornets,93,7,Dallas Mavericks,99,19606
807,2019-02-06,오후 10:30:00,27,San Antonio Spurs,102,10,Golden State Warriors,141,19596
808,2019-02-06,오후 8:00:00,30,Washington Wizards,129,17,Milwaukee Bucks,148,17360
809,2019-02-06,오후 10:00:00,11,Houston Rockets,127,26,Sacramento Kings,101,17583
810,2019-02-06,오후 9:00:00,24,Phoenix Suns,88,29,Utah Jazz,116,18306
811,2019-02-07,오후 7:30:00,28,Toronto Raptors,119,1,Atlanta Hawks,101,16036
812,2019-02-07,오후 8:00:00,14,Los Angeles Lakers,129,2,Boston Celtics,128,18624
813,2019-02-07,오후 7:00:00,13,Los Angeles Clippers,92,12,Indiana Pacers,116,15756
814,2019-02-07,오후 8:00:00,15,Memphis Grizzlies,95,21,Oklahoma City Thunder,117,18203
815,2019-02-07,오후 7:00:00,18,Minnesota Timberwolves,112,22,Orlando Magic,122,17184
816,2019-02-07,오후 10:30:00,27,San Antonio Spurs,118,25,Portland Trail Blazers,127,19393
817,2019-02-08,오후 7:30:00,5,Chicago Bulls,125,3,Brooklyn Nets,106,15267
818,2019-02-08,오후 8:30:00,17,Milwaukee Bucks,122,7,Dallas Mavericks,107,20420
819,2019-02-08,오후 7:00:00,20,New York Knicks,103,9,Detroit Pistons,120,14430
820,2019-02-08,오후 9:30:00,18,Minnesota Timberwolves,117,19,New Orleans Pelicans,122,16980
821,2019-02-08,오후 7:00:00,8,Denver Nuggets,110,23,Philadelphia 76ers,117,20627
822,2019-02-08,오후 9:00:00,10,Golden State Warriors,117,24,Phoenix Suns,107,17081
823,2019-02-08,오후 10:00:00,16,Miami Heat,96,26,Sacramento Kings,102,17583
824,2019-02-08,오후 7:00:00,6,Cleveland Cavaliers,106,30,Washington Wizards,119,16682
825,2019-02-09,오후 7:30:00,4,Charlotte Hornets,129,1,Atlanta Hawks,120,15048
826,2019-02-09,오후 8:00:00,13,Los Angeles Clippers,123,2,Boston Celtics,112,18624
827,2019-02-09,오후 8:00:00,30,Washington Wizards,134,5,Chicago Bulls,125,19942
828,2019-02-09,오후 8:30:00,21,Oklahoma City Thunder,117,11,Houston Rockets,112,18061
829,2019-02-09,오후 7:00:00,6,Cleveland Cavaliers,90,12,Indiana Pacers,105,17923
830,2019-02-09,오후 8:00:00,19,New Orleans Pelicans,90,15,Memphis Grizzlies,99,16841
831,2019-02-09,오후 9:00:00,22,Orlando Magic,103,17,Milwaukee Bucks,83,17812
832,2019-02-09,오후 7:30:00,28,Toronto Raptors,104,20,New York Knicks,99,18886
833,2019-02-09,오후 5:00:00,27,San Antonio Spurs,105,29,Utah Jazz,125,18306
834,2019-02-10,오후 7:30:00,22,Orlando Magic,124,1,Atlanta Hawks,108,13370
835,2019-02-10,오후 3:00:00,25,Portland Trail Blazers,101,7,Dallas Mavericks,102,20340
836,2019-02-10,오후 8:30:00,16,Miami Heat,118,10,Golden State Warriors,120,19596
837,2019-02-10,오후 3:30:00,14,Los Angeles Lakers,120,23,Philadelphia 76ers,143,20683
838,2019-02-10,오후 6:00:00,24,Phoenix Suns,104,26,Sacramento Kings,117,17583
839,2019-02-11,오후 8:00:00,17,Milwaukee Bucks,112,5,Chicago Bulls,99,18833
840,2019-02-11,오후 7:00:00,20,New York Knicks,104,6,Cleveland Cavaliers,107,19432
841,2019-02-11,오후 9:00:00,16,Miami Heat,87,8,Denver Nuggets,103,18378
842,2019-02-11,오후 7:00:00,30,Washington Wizards,112,9,Detroit Pistons,121,15246
843,2019-02-11,오후 8:00:00,7,Dallas Mavericks,104,11,Houston Rockets,120,18055
844,2019-02-11,오후 7:00:00,4,Charlotte Hornets,90,12,Indiana Pacers,99,15734
845,2019-02-11,오후 8:00:00,13,Los Angeles Clippers,120,18,Minnesota Timberwolves,130,13782
846,2019-02-11,오후 8:00:00,25,Portland Trail Blazers,111,21,Oklahoma City Thunder,120,18203
847,2019-02-11,오후 7:30:00,3,Brooklyn Nets,125,28,Toronto Raptors,127,19800
848,2019-02-12,오후 7:30:00,14,Los Angeles Lakers,113,1,Atlanta Hawks,117,16824
849,2019-02-12,오후 10:30:00,29,Utah Jazz,108,10,Golden State Warriors,115,19596
850,2019-02-12,오후 8:00:00,27,San Antonio Spurs,108,15,Memphis Grizzlies,107,13788
851,2019-02-12,오후 8:00:00,22,Orlando Magic,118,19,New Orleans Pelicans,88,15733
852,2019-02-12,오후 8:00:00,2,Boston Celtics,112,23,Philadelphia 76ers,109,20582
853,2019-02-13,오후 7:30:00,9,Detroit Pistons,110,2,Boston Celtics,118,18624
854,2019-02-13,오후 8:00:00,15,Memphis Grizzlies,110,5,Chicago Bulls,122,19114
855,2019-02-13,오후 7:00:00,3,Brooklyn Nets,148,6,Cleveland Cavaliers,139,17434
856,2019-02-13,오후 8:30:00,16,Miami Heat,112,7,Dallas Mavericks,101,20364
857,2019-02-13,오후 9:00:00,26,Sacramento Kings,118,8,Denver Nuggets,120,17938
858,2019-02-13,오후 7:00:00,17,Milwaukee Bucks,106,12,Indiana Pacers,97,17311
859,2019-02-13,오후 10:30:00,24,Phoenix Suns,107,13,Los Angeles Clippers,134,17703
860,2019-02-13,오후 8:00:00,11,Houston Rockets,111,18,Minnesota Timberwolves,121,15131
861,2019-02-13,오후 7:30:00,23,Philadelphia 76ers,126,20,New York Knicks,111,18983
862,2019-02-13,오후 10:30:00,10,Golden State Warriors,107,25,Portland Trail Blazers,129,19549
863,2019-02-13,오후 7:30:00,30,Washington Wizards,120,28,Toronto Raptors,129,19800
864,2019-02-14,오후 7:30:00,20,New York Knicks,106,1,Atlanta Hawks,91,14179
865,2019-02-14,오후 8:00:00,21,Oklahoma City Thunder,122,19,New Orleans Pelicans,131,15686
866,2019-02-14,오후 7:00:00,4,Charlotte Hornets,89,22,Orlando Magic,127,18846
867,2019-02-21,오후 7:30:00,25,Portland Trail Blazers,113,3,Brooklyn Nets,99,17732
868,2019-02-21,오후 7:00:00,24,Phoenix Suns,98,6,Cleveland Cavaliers,111,19022
869,2019-02-21,오후 10:30:00,26,Sacramento Kings,123,10,Golden State Warriors,125,19596
870,2019-02-21,오후 10:30:00,11,Houston Rockets,106,14,Los Angeles Lakers,111,18997
871,2019-02-21,오후 8:00:00,2,Boston Celtics,97,17,Milwaukee Bucks,98,17926
872,2019-02-21,오후 7:00:00,16,Miami Heat,102,23,Philadelphia 76ers,106,20505
873,2019-02-22,오후 7:30:00,9,Detroit Pistons,125,1,Atlanta Hawks,122,14067
874,2019-02-22,오후 7:00:00,30,Washington Wizards,110,4,Charlotte Hornets,123,15572
875,2019-02-22,오후 8:30:00,8,Denver Nuggets,114,7,Dallas Mavericks,104,20382
876,2019-02-22,오후 7:00:00,19,New Orleans Pelicans,111,12,Indiana Pacers,126,16962
877,2019-02-22,오후 8:00:00,13,Los Angeles Clippers,112,15,Memphis Grizzlies,106,16444
878,2019-02-22,오후 7:30:00,18,Minnesota Timberwolves,115,20,New York Knicks,104,19096
879,2019-02-22,오후 9:30:00,29,Utah Jazz,147,21,Oklahoma City Thunder,148,18203
880,2019-02-22,오후 7:00:00,5,Chicago Bulls,110,22,Orlando Magic,109,18846
881,2019-02-22,오후 7:00:00,27,San Antonio Spurs,117,28,Toronto Raptors,120,20058
882,2019-02-23,오후 7:00:00,24,Phoenix Suns,112,1,Atlanta Hawks,120,15214
883,2019-02-23,오후 8:00:00,2,Boston Celtics,116,5,Chicago Bulls,126,21295
884,2019-02-23,오후 7:00:00,3,Brooklyn Nets,117,4,Charlotte Hornets,115,19158
885,2019-02-23,오후 7:00:00,15,Memphis Grizzlies,107,6,Cleveland Cavaliers,112,19432
886,2019-02-23,오후 8:30:00,11,Houston Rockets,118,10,Golden State Warriors,112,19596
887,2019-02-23,오후 7:30:00,9,Detroit Pistons,119,16,Miami Heat,96,19600
888,2019-02-23,오후 8:30:00,18,Minnesota Timberwolves,128,17,Milwaukee Bucks,140,17972
889,2019-02-23,오후 7:00:00,14,Los Angeles Lakers,115,19,New Orleans Pelicans,128,18626
890,2019-02-23,오후 8:00:00,26,Sacramento Kings,119,21,Oklahoma City Thunder,116,18203
891,2019-02-23,오후 1:00:00,25,Portland Trail Blazers,130,23,Philadelphia 76ers,115,20619
892,2019-02-23,오후 10:00:00,7,Dallas Mavericks,109,29,Utah Jazz,125,18306
893,2019-02-23,오후 7:00:00,12,Indiana Pacers,119,30,Washington Wizards,112,19648
894,2019-02-24,오후 5:00:00,13,Los Angeles Clippers,96,8,Denver Nuggets,123,19956
895,2019-02-24,오후 7:30:00,27,San Antonio Spurs,118,20,New York Knicks,130,18019
896,2019-02-24,오후 3:30:00,22,Orlando Magic,113,28,Toronto Raptors,98,19800
897,2019-02-25,오후 7:30:00,27,San Antonio Spurs,85,3,Brooklyn Nets,101,13479
898,2019-02-25,오후 8:00:00,17,Milwaukee Bucks,117,5,Chicago Bulls,106,20936
899,2019-02-25,오후 7:00:00,10,Golden State Warriors,121,4,Charlotte Hornets,110,19419
900,2019-02-25,오후 7:00:00,25,Portland Trail Blazers,123,6,Cleveland Cavaliers,110,19432
901,2019-02-25,오후 7:00:00,12,Indiana Pacers,109,9,Detroit Pistons,113,15321
902,2019-02-25,오후 8:00:00,1,Atlanta Hawks,111,11,Houston Rockets,119,18055
903,2019-02-25,오후 10:30:00,7,Dallas Mavericks,112,13,Los Angeles Clippers,121,19068
904,2019-02-25,오후 8:00:00,14,Los Angeles Lakers,105,15,Memphis Grizzlies,110,17794
905,2019-02-25,오후 7:30:00,24,Phoenix Suns,124,16,Miami Heat,121,19600
906,2019-02-25,오후 8:00:00,26,Sacramento Kings,105,18,Minnesota Timberwolves,112,13691
907,2019-02-25,오후 8:00:00,23,Philadelphia 76ers,111,19,New Orleans Pelicans,110,17194
908,2019-02-26,오후 10:30:00,21,Oklahoma City Thunder,,8,Denver Nuggets,,
909,2019-02-26,오후 7:30:00,22,Orlando Magic,,20,New York Knicks,,
910,2019-02-26,오후 8:00:00,2,Boston Celtics,,28,Toronto Raptors,,
911,2019-02-27,오후 7:30:00,18,Minnesota Timberwolves,,1,Atlanta Hawks,,
912,2019-02-27,오후 8:00:00,25,Portland Trail Blazers,,2,Boston Celtics,,
913,2019-02-27,오후 7:30:00,30,Washington Wizards,,3,Brooklyn Nets,,
914,2019-02-27,오후 7:00:00,11,Houston Rockets,,4,Charlotte Hornets,,
915,2019-02-27,오후 8:30:00,12,Indiana Pacers,,7,Dallas Mavericks,,
916,2019-02-27,오후 10:30:00,19,New Orleans Pelicans,,14,Los Angeles Lakers,,
917,2019-02-27,오후 8:00:00,5,Chicago Bulls,,15,Memphis Grizzlies,,
918,2019-02-27,오후 7:30:00,10,Golden State Warriors,,16,Miami Heat,,
919,2019-02-27,오후 10:00:00,17,Milwaukee Bucks,,26,Sacramento Kings,,
920,2019-02-27,오후 8:30:00,9,Detroit Pistons,,27,San Antonio Spurs,,
921,2019-02-27,오후 9:00:00,13,Los Angeles Clippers,,29,Utah Jazz,,
922,2019-02-28,오후 10:30:00,29,Utah Jazz,,8,Denver Nuggets,,
923,2019-02-28,오후 8:00:00,16,Miami Heat,,11,Houston Rockets,,
924,2019-02-28,오후 7:00:00,18,Minnesota Timberwolves,,12,Indiana Pacers,,
925,2019-02-28,오후 7:30:00,6,Cleveland Cavaliers,,20,New York Knicks,,
926,2019-02-28,오후 8:00:00,23,Philadelphia 76ers,,21,Oklahoma City Thunder,,
927,2019-02-28,오후 7:00:00,10,Golden State Warriors,,22,Orlando Magic,,
